1st_step_prediction,Benign_Probability,Pathogenic_Probability,2nd_step_prediction,ModerateImpact_Probability,SevereImpact_Probability,REF,ALT,1st_Probability,2nd_Probability,ALT_numbers
0.0,0.9610966645176992,0.0389033354823008,,,,G161,C,0.9610966645176992,,5
0.0,0.5847554474669041,0.4152445525330958,,,,G161,E,0.5847554474669041,,8
0.0,0.850730307183412,0.1492696928165879,,,,G161,V,0.850730307183412,,18
0.0,0.9619737047754991,0.0380262952245007,,,,G161,A,0.9619737047754991,,19
0.0,0.9846648894105524,0.0153351105894474,,,,G161,W,0.9846648894105524,,12
0.0,0.9242089191093622,0.0757910808906378,,,,G161,R,0.9242089191093622,,10
0.0,0.9796316787210404,0.0203683212789595,,,,G161,L,0.9796316787210404,,17
0.0,0.9700569145839404,0.0299430854160594,,,,G161,Y,0.9700569145839404,,13
0.0,0.965069964317149,0.0349300356828509,,,,G161,H,0.965069964317149,,2
0.0,0.9690110759889504,0.0309889240110496,,,,G161,F,0.9690110759889504,,14
0.0,0.8515654226927032,0.1484345773072968,,,,G161,T,0.8515654226927032,,6
0.0,0.663892908275546,0.3361070917244539,,,,G161,P,0.663892908275546,,1
0.0,0.9132978733740428,0.0867021266259572,,,,G161,I,0.9132978733740428,,15
0.0,0.8549410622603917,0.1450589377396083,,,,G161,K,0.8549410622603917,,11
0.0,0.977181714642104,0.022818285357896,,,,G161,Q,0.977181714642104,,3
0.0,0.9634943349847056,0.0365056650152944,,,,G161,N,0.9634943349847056,,4
0.0,0.9512446126337372,0.0487553873662627,,,,G161,S,0.9512446126337372,,7
0.0,0.6712707919698961,0.3287292080301038,,,,G161,D,0.6712707919698961,,9
0.0,0.962468903824473,0.0375310961755269,,,,G161,M,0.962468903824473,,16
0.0,0.987166692089058,0.0128333079109419,,,,T162,V,0.987166692089058,,18
0.0,0.8482263217441012,0.1517736782558988,,,,T162,D,0.8482263217441012,,9
0.0,0.9987065111839604,0.0012934888160397,,,,T162,S,0.9987065111839604,,7
0.0,0.9889404747107968,0.0110595252892031,,,,T162,Q,0.9889404747107968,,3
0.0,0.931247385036572,0.0687526149634278,,,,T162,K,0.931247385036572,,11
0.0,0.9776253156904348,0.0223746843095652,,,,T162,I,0.9776253156904348,,15
0.0,0.9131026390294864,0.0868973609705136,,,,T162,P,0.9131026390294864,,1
0.0,0.8734987365815747,0.1265012634184252,,,,T162,E,0.8734987365815747,,8
0.0,0.9883851206352776,0.0116148793647225,,,,T162,F,0.9883851206352776,,14
0.0,0.9619942653781814,0.0380057346218185,,,,T162,G,0.9619942653781814,,20
0.0,0.986671185576939,0.013328814423061,,,,T162,H,0.986671185576939,,2
0.0,0.9918658356871616,0.0081341643128383,,,,T162,L,0.9918658356871616,,17
0.0,0.8755683869104304,0.1244316130895696,,,,T162,R,0.8755683869104304,,10
0.0,0.982709010893732,0.017290989106268,,,,T162,W,0.982709010893732,,12
0.0,0.9938253933418304,0.0061746066581695,,,,T162,A,0.9938253933418304,,19
0.0,0.9792261896263816,0.0207738103736183,,,,T162,M,0.9792261896263816,,16
0.0,0.9850831565531796,0.0149168434468203,,,,T162,N,0.9850831565531796,,4
0.0,0.9871001403430324,0.0128998596569677,,,,T162,Y,0.9871001403430324,,13
0.0,0.9856001569158614,0.0143998430841385,,,,T162,C,0.9856001569158614,,5
0.0,0.9923602293771896,0.0076397706228105,,,,A163,S,0.9923602293771896,,7
0.0,0.9885422791782924,0.0114577208217077,,,,A163,W,0.9885422791782924,,12
0.0,0.96914868672108,0.03085131327892,,,,A163,R,0.96914868672108,,10
0.0,0.9414173666169868,0.0585826333830131,,,,A163,E,0.9414173666169868,,8
0.0,0.9957870808689436,0.0042129191310562,,,,A163,L,0.9957870808689436,,17
0.0,0.9911241911589286,0.0088758088410714,,,,A163,H,0.9911241911589286,,2
0.0,0.9882701507137232,0.0117298492862767,,,,A163,Y,0.9882701507137232,,13
0.0,0.9915274493501808,0.0084725506498192,,,,A163,G,0.9915274493501808,,20
0.0,0.9793596480338264,0.0206403519661736,,,,A163,N,0.9793596480338264,,4
0.0,0.9862103552558378,0.0137896447441622,,,,A163,M,0.9862103552558378,,16
0.0,0.9953872542015372,0.0046127457984627,,,,A163,F,0.9953872542015372,,14
0.0,0.9882360021445376,0.0117639978554624,,,,A163,T,0.9882360021445376,,6
0.0,0.9776357911878116,0.0223642088121882,,,,A163,P,0.9776357911878116,,1
0.0,0.9897597068672002,0.0102402931327998,,,,A163,C,0.9897597068672002,,5
0.0,0.9783916923854876,0.0216083076145122,,,,A163,I,0.9783916923854876,,15
0.0,0.9459754227689132,0.0540245772310866,,,,A163,K,0.9459754227689132,,11
0.0,0.8906513886781128,0.1093486113218872,,,,A163,D,0.8906513886781128,,9
0.0,0.9869242795363092,0.0130757204636907,,,,A163,Q,0.9869242795363092,,3
0.0,0.9882750514910816,0.0117249485089183,,,,A163,V,0.9882750514910816,,18
0.0,0.9920867461986346,0.0079132538013653,,,,R164,P,0.9920867461986346,,1
0.0,0.8267338452716851,0.1732661547283148,,,,R164,M,0.8267338452716851,,16
0.0,0.9903031507790978,0.0096968492209021,,,,R164,V,0.9903031507790978,,18
0.0,0.9993306981308292,0.0006693018691708,,,,R164,A,0.9993306981308292,,19
1.0,0.1117909168946051,0.8882090831053948,3.0,0.2502233475640931,0.7497766524359069,R164,W,0.8882090831053948,0.7497766524359069,12
0.0,0.9959413137588158,0.0040586862411842,,,,R164,L,0.9959413137588158,,17
0.0,0.931416020901441,0.0685839790985589,,,,R164,H,0.931416020901441,,2
0.0,0.998266608220168,0.0017333917798319,,,,R164,G,0.998266608220168,,20
0.0,0.9949334790165248,0.0050665209834752,,,,R164,N,0.9949334790165248,,4
0.0,0.968543501890555,0.0314564981094449,,,,R164,F,0.968543501890555,,14
0.0,0.9922145100966712,0.0077854899033287,,,,R164,C,0.9922145100966712,,5
0.0,0.9995846263435396,0.0004153736564602,,,,R164,D,0.9995846263435396,,9
0.0,0.9985201217348506,0.0014798782651494,,,,R164,S,0.9985201217348506,,7
0.0,0.9981579986591091,0.0018420013408907,,,,R164,Q,0.9981579986591091,,3
0.0,0.9999455773379268,5.442266207339392e-05,,,,R164,K,0.9999455773379268,,11
0.0,0.977606057384123,0.022393942615877,,,,R164,I,0.977606057384123,,15
0.0,0.989935081419172,0.0100649185808279,,,,R164,Y,0.989935081419172,,13
0.0,0.9997890139852964,0.0002109860147034,,,,R164,E,0.9997890139852964,,8
0.0,0.9916123127661636,0.0083876872338363,,,,R164,T,0.9916123127661636,,6
0.0,0.9963729290344968,0.0036270709655031,,,,G165,I,0.9963729290344968,,15
0.0,0.9978425461331852,0.0021574538668147,,,,G165,F,0.9978425461331852,,14
0.0,0.9993476530526662,0.0006523469473338,,,,G165,L,0.9993476530526662,,17
0.0,0.9924680915606736,0.0075319084393263,,,,G165,K,0.9924680915606736,,11
0.0,0.9920039398344128,0.0079960601655871,,,,G165,E,0.9920039398344128,,8
0.0,0.9970761980788304,0.0029238019211695,,,,G165,T,0.9970761980788304,,6
0.0,0.9991059262109148,0.0008940737890852,,,,G165,Q,0.9991059262109148,,3
0.0,0.9984582354328484,0.0015417645671516,,,,G165,P,0.9984582354328484,,1
0.0,0.9979683832227114,0.0020316167772885,,,,G165,S,0.9979683832227114,,7
0.0,0.9951569386950152,0.0048430613049849,,,,G165,V,0.9951569386950152,,18
0.0,0.9966696618243368,0.003330338175663,,,,G165,M,0.9966696618243368,,16
0.0,0.9942899495076416,0.0057100504923583,,,,G165,C,0.9942899495076416,,5
0.0,0.9984627435155504,0.0015372564844495,,,,G165,N,0.9984627435155504,,4
0.0,0.9943116053334454,0.0056883946665546,,,,G165,W,0.9943116053334454,,12
0.0,0.992744121122459,0.007255878877541,,,,G165,D,0.992744121122459,,9
0.0,0.9980571543208,0.0019428456792001,,,,G165,H,0.9980571543208,,2
0.0,0.9978657277873516,0.0021342722126482,,,,G165,Y,0.9978657277873516,,13
0.0,0.9984594093391967,0.0015405906608031,,,,G165,R,0.9984594093391967,,10
0.0,0.9989408617949298,0.0010591382050702,,,,G165,A,0.9989408617949298,,19
0.0,0.976652827074809,0.0233471729251909,,,,F166,D,0.976652827074809,,9
0.0,0.994786112369375,0.005213887630625,,,,F166,S,0.994786112369375,,7
0.0,0.9936079526349708,0.006392047365029,,,,F166,C,0.9936079526349708,,5
0.0,0.9960830351877786,0.0039169648122213,,,,F166,Q,0.9960830351877786,,3
0.0,0.9665131446436016,0.0334868553563984,,,,F166,I,0.9665131446436016,,15
0.0,0.9997096306452508,0.0002903693547491,,,,F166,P,0.9997096306452508,,1
0.0,0.9949720637681526,0.0050279362318473,,,,F166,T,0.9949720637681526,,6
0.0,0.9890621671651438,0.0109378328348561,,,,F166,N,0.9890621671651438,,4
0.0,0.9642918509000388,0.0357081490999611,,,,F166,M,0.9642918509000388,,16
0.0,0.969349861587981,0.030650138412019,,,,F166,K,0.969349861587981,,11
0.0,0.8882093623106855,0.1117906376893145,,,,F166,R,0.8882093623106855,,10
0.0,0.9988333936334678,0.0011666063665321,,,,F166,A,0.9988333936334678,,19
0.0,0.9918242732216208,0.0081757267783793,,,,F166,V,0.9918242732216208,,18
0.0,0.9983260197389076,0.0016739802610923,,,,F166,L,0.9983260197389076,,17
0.0,0.9815605722175194,0.0184394277824806,,,,F166,E,0.9815605722175194,,8
0.0,0.9772358401930372,0.0227641598069629,,,,F166,W,0.9772358401930372,,12
0.0,0.9860998756138094,0.0139001243861906,,,,F166,Y,0.9860998756138094,,13
0.0,0.9851127158856108,0.0148872841143891,,,,F166,H,0.9851127158856108,,2
0.0,0.9954112244188092,0.0045887755811907,,,,F166,G,0.9954112244188092,,20
0.0,0.9993715972500392,0.0006284027499607,,,,Q167,E,0.9993715972500392,,8
0.0,0.9995602437747754,0.0004397562252246,,,,Q167,S,0.9995602437747754,,7
0.0,0.9897412335259832,0.0102587664740166,,,,Q167,M,0.9897412335259832,,16
0.0,0.9775010867180074,0.0224989132819925,,,,Q167,D,0.9775010867180074,,9
0.0,0.998274720569465,0.0017252794305349,,,,Q167,F,0.998274720569465,,14
0.0,0.9969888291673938,0.0030111708326061,,,,Q167,Y,0.9969888291673938,,13
0.0,0.9992987032024488,0.0007012967975512,,,,Q167,V,0.9992987032024488,,18
0.0,0.9970310222289264,0.0029689777710735,,,,Q167,N,0.9970310222289264,,4
0.0,0.998981112893618,0.0010188871063818,,,,Q167,A,0.998981112893618,,19
0.0,0.996901979438119,0.003098020561881,,,,Q167,K,0.996901979438119,,11
0.0,0.9990350453995896,0.0009649546004104,,,,Q167,G,0.9990350453995896,,20
0.0,0.9772171226316968,0.0227828773683032,,,,Q167,H,0.9772171226316968,,2
0.0,0.9992124213824908,0.0007875786175092,,,,Q167,C,0.9992124213824908,,5
0.0,0.999552031423914,0.000447968576086,,,,Q167,T,0.999552031423914,,6
0.0,0.9962293577415832,0.0037706422584166,,,,Q167,P,0.9962293577415832,,1
0.0,0.996809162305434,0.003190837694566,,,,Q167,L,0.996809162305434,,17
0.0,0.9965980936536056,0.0034019063463944,,,,Q167,R,0.9965980936536056,,10
0.0,0.9953895092488964,0.0046104907511035,,,,Q167,W,0.9953895092488964,,12
0.0,0.9979234579239424,0.0020765420760575,,,,Q167,I,0.9979234579239424,,15
0.0,0.9207895581317418,0.0792104418682582,,,,P168,N,0.9207895581317418,,4
0.0,0.9161545424972232,0.0838454575027769,,,,P168,T,0.9161545424972232,,6
0.0,0.976043736946516,0.023956263053484,,,,P168,H,0.976043736946516,,2
0.0,0.9930129136698044,0.0069870863301955,,,,P168,I,0.9930129136698044,,15
0.0,0.9988767915944632,0.0011232084055367,,,,P168,F,0.9988767915944632,,14
0.0,0.7430450627671967,0.2569549372328033,,,,P168,K,0.7430450627671967,,11
0.0,0.9590919192432076,0.0409080807567925,,,,P168,W,0.9590919192432076,,12
0.0,0.9376284780227282,0.0623715219772717,,,,P168,S,0.9376284780227282,,7
0.0,0.684954561298517,0.315045438701483,,,,P168,D,0.684954561298517,,9
0.0,0.9935736567959976,0.0064263432040022,,,,P168,L,0.9935736567959976,,17
0.0,0.9939701709490754,0.0060298290509246,,,,P168,A,0.9939701709490754,,19
0.0,0.9992068976375412,0.0007931023624586,,,,P168,V,0.9992068976375412,,18
0.0,0.5761757292518417,0.4238242707481583,,,,P168,R,0.5761757292518417,,10
0.0,0.8479607797523251,0.1520392202476749,,,,P168,E,0.8479607797523251,,8
0.0,0.9978356277173908,0.0021643722826091,,,,P168,Y,0.9978356277173908,,13
0.0,0.9832889128944416,0.0167110871055583,,,,P168,Q,0.9832889128944416,,3
0.0,0.9874250067432924,0.0125749932567076,,,,P168,C,0.9874250067432924,,5
0.0,0.9567356487281804,0.0432643512718195,,,,P168,G,0.9567356487281804,,20
0.0,0.9668256262320808,0.0331743737679191,,,,P168,M,0.9668256262320808,,16
0.0,0.9815838212383198,0.0184161787616802,,,,P169,A,0.9815838212383198,,19
0.0,0.9560862948107692,0.0439137051892306,,,,P169,W,0.9560862948107692,,12
0.0,0.9830869340104648,0.0169130659895352,,,,P169,Y,0.9830869340104648,,13
1.0,0.390393407753512,0.6096065922464879,3.0,0.1024872690061164,0.8975127309938835,P169,R,0.6096065922464879,0.8975127309938835,10
0.0,0.982944097809501,0.017055902190499,,,,P169,V,0.982944097809501,,18
0.0,0.9857688672377584,0.0142311327622415,,,,P169,L,0.9857688672377584,,17
0.0,0.54675985459455,0.45324014540545,,,,P169,E,0.54675985459455,,8
0.0,0.5404628199992607,0.4595371800007393,,,,P169,G,0.5404628199992607,,20
0.0,0.7928106326130735,0.2071893673869264,,,,P169,C,0.7928106326130735,,5
1.0,0.1353966061796174,0.8646033938203825,3.0,0.11965739381187,0.88034260618813,P169,D,0.8646033938203825,0.88034260618813,9
0.0,0.7538733923415757,0.2461266076584243,,,,P169,S,0.7538733923415757,,7
0.0,0.8497829706201765,0.1502170293798235,,,,P169,Q,0.8497829706201765,,3
0.0,0.623447428742131,0.3765525712578689,,,,P169,H,0.623447428742131,,2
0.0,0.9714173903365276,0.0285826096634723,,,,P169,F,0.9714173903365276,,14
0.0,0.977559368779936,0.0224406312200639,,,,P169,M,0.977559368779936,,16
0.0,0.97501500462519,0.0249849953748099,,,,P169,I,0.97501500462519,,15
0.0,0.6973410871787354,0.3026589128212645,,,,P169,T,0.6973410871787354,,6
0.0,0.6005172656965965,0.3994827343034036,,,,P169,N,0.6005172656965965,,4
0.0,0.6506216375505286,0.3493783624494714,,,,P169,K,0.6506216375505286,,11
0.0,0.5860894652596266,0.4139105347403734,,,,E170,Y,0.5860894652596266,,13
1.0,0.0614341334899912,0.9385658665100088,3.0,0.4167032559009397,0.5832967440990603,E170,P,0.9385658665100088,0.5832967440990603,1
1.0,0.1707984487280602,0.8292015512719397,3.0,0.2253864473700763,0.7746135526299237,E170,V,0.8292015512719397,0.7746135526299237,18
1.0,0.2970627446891173,0.7029372553108827,2.0,0.9533172237552248,0.0466827762447752,E170,A,0.7029372553108827,0.9533172237552248,19
1.0,0.3574918997211314,0.6425081002788686,2.0,0.9618632758154764,0.0381367241845236,E170,T,0.6425081002788686,0.9618632758154764,6
0.0,0.9979166902815316,0.0020833097184683,,,,E170,D,0.9979166902815316,,9
1.0,0.4144891456364589,0.5855108543635411,3.0,0.170322373573175,0.829677626426825,E170,W,0.5855108543635411,0.829677626426825,12
0.0,0.5459064358013904,0.4540935641986096,,,,E170,F,0.5459064358013904,,14
0.0,0.8433803826190889,0.1566196173809111,,,,E170,R,0.8433803826190889,,10
0.0,0.6174746210014084,0.3825253789985916,,,,E170,N,0.6174746210014084,,4
1.0,0.1989561890887019,0.8010438109112981,3.0,0.3741615281823732,0.6258384718176268,E170,L,0.8010438109112981,0.6258384718176268,17
0.0,0.7284956168661849,0.2715043831338151,,,,E170,C,0.7284956168661849,,5
1.0,0.090647129221874,0.909352870778126,2.0,0.9139285947761782,0.0860714052238218,E170,I,0.909352870778126,0.9139285947761782,15
1.0,0.2628639304707837,0.7371360695292163,2.0,0.8466436400855147,0.1533563599144852,E170,G,0.7371360695292163,0.8466436400855147,20
0.0,0.5388897095594352,0.4611102904405648,,,,E170,S,0.5388897095594352,,7
0.0,0.5372475222908879,0.4627524777091121,,,,E170,Q,0.5372475222908879,,3
0.0,0.7952025940770768,0.2047974059229231,,,,E170,K,0.7952025940770768,,11
1.0,0.2104660504482615,0.7895339495517385,2.0,0.9947622546330132,0.0052377453669867,E170,H,0.7895339495517385,0.9947622546330132,2
1.0,0.2021944027113155,0.7978055972886845,2.0,0.866166439426889,0.133833560573111,E170,M,0.7978055972886845,0.866166439426889,16
1.0,0.2787799510742705,0.7212200489257294,3.0,0.212173350048566,0.7878266499514339,G171,I,0.7212200489257294,0.7878266499514339,15
0.0,0.9715639404327991,0.0284360595672008,,,,G171,S,0.9715639404327991,,7
0.0,0.8389658204798118,0.1610341795201881,,,,G171,N,0.8389658204798118,,4
0.0,0.5433937425054237,0.4566062574945763,,,,G171,Y,0.5433937425054237,,13
0.0,0.6844928858971526,0.3155071141028474,,,,G171,C,0.6844928858971526,,5
1.0,0.2523493613140242,0.7476506386859758,2.0,0.9845132614834132,0.0154867385165868,G171,P,0.7476506386859758,0.9845132614834132,1
1.0,0.3905585321254444,0.6094414678745556,3.0,0.0076715113676105,0.9923284886323894,G171,M,0.6094414678745556,0.9923284886323894,16
0.0,0.7485771934834193,0.2514228065165806,,,,G171,H,0.7485771934834193,,2
1.0,0.398334601054342,0.601665398945658,3.0,0.2258418617066996,0.7741581382933004,G171,D,0.601665398945658,0.7741581382933004,9
0.0,0.8123760353010192,0.1876239646989808,,,,G171,R,0.8123760353010192,,10
1.0,0.3830269091589189,0.6169730908410811,3.0,0.0151673019459757,0.9848326980540244,G171,W,0.6169730908410811,0.9848326980540244,12
0.0,0.890923628088136,0.109076371911864,,,,G171,Q,0.890923628088136,,3
1.0,0.482797974971489,0.517202025028511,3.0,0.0186221538107511,0.9813778461892488,G171,L,0.517202025028511,0.9813778461892488,17
0.0,0.7008658334724072,0.2991341665275928,,,,G171,T,0.7008658334724072,,6
1.0,0.2971755615793424,0.7028244384206576,3.0,0.0629550093184668,0.9370449906815332,G171,F,0.7028244384206576,0.9370449906815332,14
0.0,0.7965572985191917,0.2034427014808083,,,,G171,A,0.7965572985191917,,19
1.0,0.2603803405521057,0.7396196594478943,3.0,0.3206812663470548,0.6793187336529452,G171,V,0.7396196594478943,0.6793187336529452,18
1.0,0.2592171038753459,0.7407828961246541,2.0,0.94445611679059,0.05554388320941,G171,E,0.7407828961246541,0.94445611679059,8
0.0,0.55307691507235,0.44692308492765,,,,G171,K,0.55307691507235,,11
1.0,0.1715336685237051,0.8284663314762949,2.0,0.606619467227285,0.393380532772715,G172,E,0.8284663314762949,0.606619467227285,8
0.0,0.8582537285730718,0.1417462714269282,,,,G172,N,0.8582537285730718,,4
0.0,0.8906443646468771,0.1093556353531229,,,,G172,Y,0.8906443646468771,,13
0.0,0.8228122702319091,0.1771877297680909,,,,G172,P,0.8228122702319091,,1
0.0,0.9287604339132972,0.0712395660867028,,,,G172,S,0.9287604339132972,,7
0.0,0.8008060420347711,0.1991939579652289,,,,G172,K,0.8008060420347711,,11
0.0,0.8376606858410185,0.1623393141589814,,,,G172,M,0.8376606858410185,,16
0.0,0.940338475754586,0.0596615242454138,,,,G172,F,0.940338475754586,,14
0.0,0.9616522143350774,0.0383477856649226,,,,G172,W,0.9616522143350774,,12
0.0,0.9433396033328356,0.0566603966671643,,,,G172,C,0.9433396033328356,,5
0.0,0.8154451924253703,0.1845548075746296,,,,G172,I,0.8154451924253703,,15
0.0,0.9559874116208438,0.0440125883791562,,,,G172,R,0.9559874116208438,,10
1.0,0.4464128809666214,0.5535871190333785,3.0,0.116740849030104,0.8832591509698959,G172,D,0.5535871190333785,0.8832591509698959,9
0.0,0.7916025541346844,0.2083974458653155,,,,G172,T,0.7916025541346844,,6
0.0,0.7464686819232811,0.2535313180767189,,,,G172,V,0.7464686819232811,,18
0.0,0.8785963546008975,0.1214036453991024,,,,G172,H,0.8785963546008975,,2
0.0,0.8438791300195155,0.1561208699804845,,,,G172,Q,0.8438791300195155,,3
0.0,0.9300465483682628,0.0699534516317372,,,,G172,A,0.9300465483682628,,19
0.0,0.9682365896583348,0.0317634103416651,,,,G172,L,0.9682365896583348,,17
0.0,0.9846978719309352,0.0153021280690646,,,,F173,C,0.9846978719309352,,5
0.0,0.6714371472473877,0.3285628527526124,,,,F173,D,0.6714371472473877,,9
0.0,0.8453654508101829,0.1546345491898171,,,,F173,M,0.8453654508101829,,16
0.0,0.8318873382365748,0.1681126617634252,,,,F173,G,0.8318873382365748,,20
0.0,0.9929708723180316,0.0070291276819685,,,,F173,W,0.9929708723180316,,12
0.0,0.5934645750874493,0.4065354249125507,,,,F173,R,0.5934645750874493,,10
0.0,0.9858636574081348,0.0141363425918651,,,,F173,A,0.9858636574081348,,19
0.0,0.9121272549110936,0.0878727450889065,,,,F173,Q,0.9121272549110936,,3
0.0,0.8864709740416913,0.1135290259583087,,,,F173,I,0.8864709740416913,,15
0.0,0.9829383112827984,0.0170616887172015,,,,F173,P,0.9829383112827984,,1
0.0,0.962756272236108,0.037243727763892,,,,F173,T,0.962756272236108,,6
0.0,0.9929344130241142,0.0070655869758858,,,,F173,L,0.9929344130241142,,17
0.0,0.9276851639375158,0.0723148360624842,,,,F173,V,0.9276851639375158,,18
1.0,0.4678601502321385,0.5321398497678614,2.0,0.6703754789471659,0.3296245210528342,F173,K,0.5321398497678614,0.6703754789471659,11
0.0,0.7355274845578985,0.2644725154421015,,,,F173,H,0.7355274845578985,,2
0.0,0.9863491185965452,0.0136508814034549,,,,F173,Y,0.9863491185965452,,13
1.0,0.4321933406255484,0.5678066593744516,3.0,0.1733029136147427,0.8266970863852573,F173,E,0.5678066593744516,0.8266970863852573,8
0.0,0.8868976552888703,0.1131023447111296,,,,F173,S,0.8868976552888703,,7
0.0,0.8257318337405747,0.1742681662594253,,,,F173,N,0.8257318337405747,,4
1.0,0.0007854645575421,0.999214535442458,3.0,0.3846989842084639,0.6153010157915361,G174,E,0.999214535442458,0.6153010157915361,8
1.0,1.3596617165489986e-09,0.9999999986403384,3.0,0.0006918355856443,0.9993081644143555,G174,H,0.9999999986403384,0.9993081644143555,2
1.0,6.324429548787425e-05,0.999936755704512,3.0,0.0094514132622259,0.990548586737774,G174,F,0.999936755704512,0.990548586737774,14
1.0,0.0043269891759252,0.9956730108240748,3.0,0.0377939822804322,0.9622060177195676,G174,I,0.9956730108240748,0.9622060177195676,15
1.0,0.0084946893559783,0.9915053106440216,3.0,0.0668851085743781,0.933114891425622,G174,D,0.9915053106440216,0.933114891425622,9
1.0,0.0221907314634516,0.9778092685365484,3.0,0.0439024538853135,0.9560975461146864,G174,R,0.9778092685365484,0.9560975461146864,10
1.0,0.0468309757015658,0.9531690242984342,3.0,0.3375047052968699,0.6624952947031301,G174,T,0.9531690242984342,0.6624952947031301,6
0.0,0.5716024867837559,0.4283975132162441,,,,G174,C,0.5716024867837559,,5
1.0,0.0221397399977786,0.9778602600022214,2.0,0.8029655078348413,0.1970344921651587,G174,Q,0.9778602600022214,0.8029655078348413,3
1.0,0.0396776011429301,0.9603223988570698,3.0,0.187555021231318,0.8124449787686819,G174,V,0.9603223988570698,0.8124449787686819,18
0.0,0.9688565185761742,0.0311434814238258,,,,G174,A,0.9688565185761742,,19
1.0,0.0336106116129527,0.9663893883870472,3.0,0.0046526324133949,0.995347367586605,G174,L,0.9663893883870472,0.995347367586605,17
1.0,9.660364576502545e-06,0.9999903396354236,3.0,0.1520135221299255,0.8479864778700744,G174,Y,0.9999903396354236,0.8479864778700744,13
0.0,0.8645366821444235,0.1354633178555765,,,,G174,S,0.8645366821444235,,7
1.0,0.0751009786194406,0.9248990213805592,3.0,0.002484576415329,0.9975154235846708,G174,M,0.9248990213805592,0.9975154235846708,16
1.0,1.2817433765577311e-05,0.9999871825662344,3.0,0.0035069219758349,0.9964930780241652,G174,W,0.9999871825662344,0.9964930780241652,12
1.0,0.2877827236921095,0.7122172763078904,2.0,0.920502292247794,0.0794977077522059,G174,P,0.7122172763078904,0.920502292247794,1
1.0,0.0188934080546615,0.9811065919453384,2.0,0.8126908479067295,0.1873091520932704,G174,K,0.9811065919453384,0.8126908479067295,11
1.0,0.0355668987538668,0.9644331012461332,3.0,0.1456610779774356,0.8543389220225643,G174,N,0.9644331012461332,0.8543389220225643,4
0.0,0.7020924283919474,0.2979075716080526,,,,W175,F,0.7020924283919474,,14
0.0,0.9327804503891868,0.0672195496108132,,,,W175,C,0.9327804503891868,,5
1.0,0.1177671435803721,0.8822328564196279,2.0,0.9718508582909744,0.0281491417090255,W175,D,0.8822328564196279,0.9718508582909744,9
1.0,0.0544024547861531,0.9455975452138468,3.0,0.1607387213744827,0.8392612786255172,W175,S,0.9455975452138468,0.8392612786255172,7
1.0,0.1845940881597586,0.8154059118402414,3.0,0.0069584776255272,0.9930415223744729,W175,Q,0.8154059118402414,0.9930415223744729,3
0.0,0.8852966367420501,0.1147033632579499,,,,W175,Y,0.8852966367420501,,13
1.0,0.0148752380178195,0.9851247619821804,3.0,0.4005202909911223,0.5994797090088777,W175,K,0.9851247619821804,0.5994797090088777,11
1.0,0.1204541216381803,0.8795458783618196,2.0,0.5564647049560636,0.4435352950439363,W175,E,0.8795458783618196,0.5564647049560636,8
0.0,0.943489007865256,0.0565109921347438,,,,W175,I,0.943489007865256,,15
1.0,0.3946078076836956,0.6053921923163044,3.0,0.0461144202876756,0.9538855797123243,W175,G,0.6053921923163044,0.9538855797123243,20
0.0,0.5172150269419362,0.4827849730580638,,,,W175,A,0.5172150269419362,,19
1.0,0.0007170414300009,0.999282958569999,3.0,0.0100450547325032,0.9899549452674968,W175,R,0.999282958569999,0.9899549452674968,10
0.0,0.5660970457834562,0.4339029542165438,,,,W175,P,0.5660970457834562,,1
0.0,0.8863046932923885,0.1136953067076115,,,,W175,L,0.8863046932923885,,17
1.0,0.0950893390485152,0.9049106609514848,2.0,0.9913598353209894,0.0086401646790105,W175,H,0.9049106609514848,0.9913598353209894,2
1.0,0.3529447868209969,0.647055213179003,3.0,0.39156513449363,0.6084348655063699,W175,T,0.647055213179003,0.6084348655063699,6
0.0,0.9279276786449392,0.0720723213550609,,,,W175,V,0.9279276786449392,,18
0.0,0.5939385571265836,0.4060614428734164,,,,W175,M,0.5939385571265836,,16
1.0,0.1639975138196325,0.8360024861803674,2.0,0.9764748614375454,0.0235251385624546,W175,N,0.8360024861803674,0.9764748614375454,4
0.0,0.6508206040124832,0.3491793959875168,,,,V176,Q,0.6508206040124832,,3
0.0,0.9455929959149056,0.0544070040850944,,,,V176,T,0.9455929959149056,,6
0.0,0.9798151899365952,0.0201848100634047,,,,V176,M,0.9798151899365952,,16
1.0,0.3007669058805389,0.6992330941194611,3.0,0.1961217197320455,0.8038782802679545,V176,E,0.6992330941194611,0.8038782802679545,8
0.0,0.9904934216592054,0.0095065783407946,,,,V176,F,0.9904934216592054,,14
0.0,0.9876840945047446,0.0123159054952554,,,,V176,A,0.9876840945047446,,19
0.0,0.971992246405838,0.0280077535941621,,,,V176,P,0.971992246405838,,1
0.0,0.9993234143022598,0.0006765856977402,,,,V176,I,0.9993234143022598,,15
0.0,0.9898058231779028,0.0101941768220971,,,,V176,W,0.9898058231779028,,12
1.0,0.4031414400648977,0.5968585599351023,2.0,0.6621579768381942,0.3378420231618058,V176,K,0.5968585599351023,0.6621579768381942,11
1.0,0.2519381952332814,0.7480618047667186,3.0,0.0111561823517043,0.9888438176482957,V176,R,0.7480618047667186,0.9888438176482957,10
0.0,0.901145724521248,0.098854275478752,,,,V176,Y,0.901145724521248,,13
0.0,0.9998608554418872,0.0001391445581127,,,,V176,L,0.9998608554418872,,17
0.0,0.9104595914515048,0.0895404085484952,,,,V176,S,0.9104595914515048,,7
0.0,0.6949577949323766,0.3050422050676233,,,,V176,G,0.6949577949323766,,20
1.0,0.2455716940742164,0.7544283059257836,3.0,0.0421499911453711,0.9578500088546288,V176,D,0.7544283059257836,0.9578500088546288,9
0.0,0.6932846226695564,0.3067153773304437,,,,V176,H,0.6932846226695564,,2
0.0,0.9720969494491868,0.0279030505508133,,,,V176,C,0.9720969494491868,,5
0.0,0.7076155125243218,0.2923844874756783,,,,V176,N,0.7076155125243218,,4
0.0,0.928159657325662,0.0718403426743379,,,,V177,L,0.928159657325662,,17
1.0,0.0045872442353032,0.9954127557646968,2.0,0.7674334732566281,0.2325665267433719,V177,H,0.9954127557646968,0.7674334732566281,2
1.0,4.568727418052809e-06,0.999995431272582,3.0,0.0097937045416851,0.9902062954583148,V177,W,0.999995431272582,0.9902062954583148,12
1.0,0.002431631130364,0.997568368869636,3.0,0.004410950569935,0.995589049430065,V177,F,0.997568368869636,0.995589049430065,14
1.0,0.1163384809633679,0.883661519036632,3.0,0.1012846367716127,0.8987153632283873,V177,N,0.883661519036632,0.8987153632283873,4
0.0,0.7148988992233528,0.2851011007766472,,,,V177,A,0.7148988992233528,,19
1.0,0.0367621426962255,0.9632378573037744,3.0,0.1065843528494094,0.8934156471505905,V177,G,0.9632378573037744,0.8934156471505905,20
1.0,0.0096756802500478,0.9903243197499522,2.0,0.5940316393903502,0.4059683606096497,V177,E,0.9903243197499522,0.5940316393903502,8
1.0,0.0006287827143653,0.9993712172856346,3.0,0.0351157440813681,0.9648842559186318,V177,R,0.9993712172856346,0.9648842559186318,10
1.0,0.4757097947104405,0.5242902052895595,2.0,0.820610484998815,0.1793895150011851,V177,T,0.5242902052895595,0.820610484998815,6
1.0,0.0090196587077329,0.9909803412922672,2.0,0.8333880334518027,0.1666119665481973,V177,K,0.9909803412922672,0.8333880334518027,11
0.0,0.6477677377067637,0.3522322622932363,,,,V177,C,0.6477677377067637,,5
1.0,0.3320644488038381,0.6679355511961619,2.0,0.5680822848719485,0.4319177151280515,V177,M,0.6679355511961619,0.5680822848719485,16
1.0,0.0104069007114134,0.9895930992885864,3.0,0.1745657176696237,0.8254342823303763,V177,D,0.9895930992885864,0.8254342823303763,9
1.0,0.2335481092469837,0.7664518907530162,3.0,0.0303792064956049,0.969620793504395,V177,P,0.7664518907530162,0.969620793504395,1
1.0,0.1909317202154092,0.8090682797845907,2.0,0.6533034089481802,0.3466965910518198,V177,S,0.8090682797845907,0.6533034089481802,7
0.0,0.9933506232416762,0.0066493767583237,,,,V177,I,0.9933506232416762,,15
1.0,0.1342699324172954,0.8657300675827045,2.0,0.8387903287458829,0.1612096712541171,V177,Q,0.8657300675827045,0.8387903287458829,3
1.0,0.0002966804156462,0.9997033195843538,3.0,0.0183347387865817,0.9816652612134182,V177,Y,0.9997033195843538,0.9816652612134182,13
1.0,0.1788680113611164,0.8211319886388836,3.0,0.3875278307068974,0.6124721692931026,V178,G,0.8211319886388836,0.6124721692931026,20
0.0,0.9620002812356024,0.0379997187643976,,,,V178,C,0.9620002812356024,,5
1.0,0.2192400450020952,0.7807599549979047,3.0,0.1673665634098957,0.8326334365901042,V178,N,0.7807599549979047,0.8326334365901042,4
1.0,0.0409454632569509,0.9590545367430492,3.0,0.4123765699166534,0.5876234300833466,V178,D,0.9590545367430492,0.5876234300833466,9
1.0,0.2934847110861496,0.7065152889138504,2.0,0.8202704466894524,0.1797295533105476,V178,S,0.7065152889138504,0.8202704466894524,7
0.0,0.9944596495721948,0.0055403504278053,,,,V178,L,0.9944596495721948,,17
0.0,0.7874482273181227,0.2125517726818773,,,,V178,T,0.7874482273181227,,6
1.0,0.0188664371817939,0.981133562818206,3.0,0.0555561496792239,0.944443850320776,V178,R,0.981133562818206,0.944443850320776,10
1.0,0.3135924163448975,0.6864075836551025,3.0,0.0141709385761534,0.9858290614238464,V178,F,0.6864075836551025,0.9858290614238464,14
1.0,0.0338733089786494,0.9661266910213504,2.0,0.9147238209130047,0.0852761790869951,V178,K,0.9661266910213504,0.9147238209130047,11
1.0,0.4632426094177205,0.5367573905822794,3.0,0.020718942407956,0.979281057592044,V178,W,0.5367573905822794,0.979281057592044,12
0.0,0.9760277138051912,0.0239722861948087,,,,V178,I,0.9760277138051912,,15
1.0,0.1774196384067637,0.8225803615932362,3.0,0.0638400189382344,0.9361599810617656,V178,P,0.8225803615932362,0.9361599810617656,1
0.0,0.9180378778311812,0.0819621221688186,,,,V178,A,0.9180378778311812,,19
0.0,0.9316554934176832,0.0683445065823169,,,,V178,M,0.9316554934176832,,16
1.0,0.0678728019069366,0.9321271980930632,3.0,0.0362472388057811,0.9637527611942188,V178,Y,0.9321271980930632,0.9637527611942188,13
1.0,0.0902624503265625,0.9097375496734376,2.0,0.8302465774509333,0.1697534225490667,V178,E,0.9097375496734376,0.8302465774509333,8
1.0,0.1882714927496311,0.8117285072503688,2.0,0.7718579339387486,0.2281420660612514,V178,Q,0.8117285072503688,0.7718579339387486,3
1.0,8.360785657546277e-05,0.9999163921434244,2.0,0.858841975828989,0.141158024171011,V178,H,0.9999163921434244,0.858841975828989,2
0.0,0.8383310611069119,0.161668938893088,,,,F179,M,0.8383310611069119,,16
1.0,0.2064104648706606,0.7935895351293394,3.0,1.1786205884600776e-06,0.9999988213794117,F179,Y,0.7935895351293394,0.9999988213794117,13
0.0,0.8864584749793566,0.1135415250206434,,,,F179,T,0.8864584749793566,,6
1.0,0.2753274630833208,0.7246725369166792,3.0,0.0640184037827473,0.9359815962172526,F179,D,0.7246725369166792,0.9359815962172526,9
0.0,0.7907439460265814,0.2092560539734186,,,,F179,S,0.7907439460265814,,7
0.0,0.5425819543639236,0.4574180456360763,,,,F179,Q,0.5425819543639236,,3
1.0,0.1179035229684871,0.8820964770315128,2.0,0.94501954289791,0.0549804571020898,F179,K,0.8820964770315128,0.94501954289791,11
0.0,0.904787544428606,0.0952124555713941,,,,F179,I,0.904787544428606,,15
0.0,0.6747256617788032,0.3252743382211968,,,,F179,P,0.6747256617788032,,1
1.0,0.4403967369731664,0.5596032630268336,3.0,0.1676853958181866,0.8323146041818134,F179,N,0.5596032630268336,0.8323146041818134,4
0.0,0.943296988519692,0.056703011480308,,,,F179,G,0.943296988519692,,20
0.0,0.943739847267916,0.056260152732084,,,,F179,C,0.943739847267916,,5
0.0,0.997290923764534,0.0027090762354659,,,,F179,L,0.997290923764534,,17
1.0,0.0595764685447194,0.9404235314552806,3.0,0.0157532330988672,0.9842467669011328,F179,R,0.9404235314552806,0.9842467669011328,10
0.0,0.5957005194920046,0.4042994805079953,,,,F179,W,0.5957005194920046,,12
0.0,0.9901813273969442,0.0098186726030557,,,,F179,A,0.9901813273969442,,19
0.0,0.9731354481851652,0.0268645518148346,,,,F179,V,0.9731354481851652,,18
1.0,0.1432951891529068,0.8567048108470932,2.0,0.7699416642066947,0.2300583357933053,F179,E,0.8567048108470932,0.7699416642066947,8
1.0,0.3006622475277832,0.6993377524722167,2.0,0.5553793164339973,0.4446206835660026,F179,H,0.6993377524722167,0.5553793164339973,2
1.0,0.0512097788808801,0.9487902211191198,3.0,0.0022979461692884,0.9977020538307116,A180,P,0.9487902211191198,0.9977020538307116,1
0.0,0.9546607451537144,0.0453392548462855,,,,A180,S,0.9546607451537144,,7
1.0,0.0532230331623828,0.9467769668376173,2.0,0.9670152139411008,0.0329847860588992,A180,Q,0.9467769668376173,0.9670152139411008,3
1.0,0.0288215811001838,0.9711784188998162,2.0,0.9621865140679868,0.0378134859320131,A180,K,0.9711784188998162,0.9621865140679868,11
0.0,0.5581067306635438,0.4418932693364562,,,,A180,I,0.5581067306635438,,15
0.0,0.9284360399132874,0.0715639600867126,,,,A180,C,0.9284360399132874,,5
0.0,0.9330739093623136,0.0669260906376863,,,,A180,G,0.9330739093623136,,20
1.0,0.0072313054035245,0.9927686945964754,2.0,0.754059668170999,0.245940331829001,A180,D,0.9927686945964754,0.754059668170999,9
1.0,0.3166329619967585,0.6833670380032415,2.0,0.9778634301344148,0.0221365698655852,A180,M,0.6833670380032415,0.9778634301344148,16
1.0,0.2475090295904958,0.7524909704095042,2.0,0.8282876641310827,0.1717123358689173,A180,H,0.7524909704095042,0.8282876641310827,2
1.0,0.1970662952170475,0.8029337047829525,2.0,0.985453329945516,0.0145466700544839,A180,N,0.8029337047829525,0.985453329945516,4
0.0,0.6536328840549728,0.3463671159450271,,,,A180,L,0.6536328840549728,,17
1.0,0.0379303422768873,0.9620696577231128,3.0,0.1261903238876872,0.8738096761123127,A180,R,0.9620696577231128,0.8738096761123127,10
1.0,0.0586555830082615,0.9413444169917384,3.0,0.3051653685445031,0.6948346314554968,A180,W,0.9413444169917384,0.6948346314554968,12
0.0,0.7918795563513468,0.2081204436486532,,,,A180,V,0.7918795563513468,,18
1.0,0.0076631736682325,0.9923368263317676,3.0,0.0211595440509767,0.9788404559490232,A180,E,0.9923368263317676,0.9788404559490232,8
1.0,0.2791618202728338,0.7208381797271661,2.0,0.9492131808612112,0.0507868191387887,A180,F,0.7208381797271661,0.9492131808612112,14
0.0,0.941600070061408,0.0583999299385919,,,,A180,T,0.941600070061408,,6
1.0,0.0819463012394836,0.9180536987605163,3.0,0.4615178653464807,0.5384821346535192,A180,Y,0.9180536987605163,0.5384821346535192,13
0.0,0.874462596553605,0.125537403446395,,,,A181,T,0.874462596553605,,6
1.0,0.0036248728260879,0.996375127173912,2.0,0.9631402545365096,0.0368597454634903,A181,K,0.996375127173912,0.9631402545365096,11
0.0,0.8898540077648505,0.1101459922351495,,,,A181,G,0.8898540077648505,,20
1.0,0.0276920407596497,0.9723079592403504,3.0,0.0023703085142088,0.9976296914857912,A181,P,0.9723079592403504,0.9976296914857912,1
1.0,0.0081110775699214,0.9918889224300784,3.0,0.4076813885577055,0.5923186114422945,A181,Y,0.9918889224300784,0.5923186114422945,13
1.0,0.240246566812898,0.759753433187102,2.0,0.970857462670122,0.0291425373298779,A181,M,0.759753433187102,0.970857462670122,16
1.0,0.0009337603245678,0.9990662396754322,2.0,0.6376660870441104,0.3623339129558896,A181,H,0.9990662396754322,0.6376660870441104,2
0.0,0.5345172181458151,0.4654827818541848,,,,A181,I,0.5345172181458151,,15
1.0,0.4863616888469272,0.5136383111530728,3.0,0.3214944667405315,0.6785055332594685,A181,L,0.5136383111530728,0.6785055332594685,17
1.0,0.1419540588252301,0.8580459411747698,2.0,0.9759335725697784,0.0240664274302216,A181,F,0.8580459411747698,0.9759335725697784,14
0.0,0.916660131509854,0.0833398684901459,,,,A181,C,0.916660131509854,,5
1.0,0.0055090685093356,0.9944909314906644,3.0,0.0186495207883937,0.9813504792116062,A181,E,0.9944909314906644,0.9813504792116062,8
1.0,0.0023871073604984,0.9976128926395016,3.0,0.3746057938343479,0.6253942061656521,A181,W,0.9976128926395016,0.6253942061656521,12
1.0,0.1214298824534185,0.8785701175465814,2.0,0.983682241431402,0.016317758568598,A181,N,0.8785701175465814,0.983682241431402,4
1.0,0.0069663314889636,0.9930336685110364,2.0,0.8404577136304185,0.1595422863695814,A181,D,0.9930336685110364,0.8404577136304185,9
0.0,0.9925616716169235,0.0074383283830763,,,,A181,S,0.9925616716169235,,7
1.0,0.0037909872839585,0.9962090127160416,3.0,0.1865575304728399,0.81344246952716,A181,R,0.9962090127160416,0.81344246952716,10
0.0,0.9422523152053578,0.0577476847946422,,,,A181,V,0.9422523152053578,,18
1.0,0.0361839277086581,0.9638160722913418,2.0,0.9662935463373328,0.0337064536626673,A181,Q,0.9638160722913418,0.9662935463373328,3
0.0,0.8168057349039373,0.1831942650960627,,,,T182,Q,0.8168057349039373,,3
0.0,0.579219769827661,0.420780230172339,,,,T182,G,0.579219769827661,,20
0.0,0.5803134768191741,0.4196865231808259,,,,T182,N,0.5803134768191741,,4
0.0,0.975076469926084,0.024923530073916,,,,T182,F,0.975076469926084,,14
1.0,0.0361421507628352,0.9638578492371648,3.0,0.4145760637463135,0.5854239362536865,T182,P,0.9638578492371648,0.5854239362536865,1
1.0,0.1995556302551399,0.8004443697448601,2.0,0.9398136740228442,0.0601863259771557,T182,K,0.8004443697448601,0.9398136740228442,11
1.0,0.0495701918660543,0.9504298081339456,2.0,0.8297103608809924,0.1702896391190076,T182,D,0.9504298081339456,0.8297103608809924,9
0.0,0.8074436446115664,0.1925563553884336,,,,T182,H,0.8074436446115664,,2
0.0,0.9931221043795838,0.0068778956204161,,,,T182,S,0.9931221043795838,,7
0.0,0.8942615488921662,0.1057384511078337,,,,T182,I,0.8942615488921662,,15
0.0,0.9853793484152168,0.014620651584783,,,,T182,L,0.9853793484152168,,17
0.0,0.989677272752672,0.0103227272473279,,,,T182,M,0.989677272752672,,16
0.0,0.8216539074481719,0.178346092551828,,,,T182,W,0.8216539074481719,,12
0.0,0.9818915140556692,0.0181084859443307,,,,T182,A,0.9818915140556692,,19
0.0,0.935789825775102,0.0642101742248978,,,,T182,V,0.935789825775102,,18
1.0,0.1031731306399458,0.8968268693600542,2.0,0.9930193194190524,0.0069806805809477,T182,E,0.8968268693600542,0.9930193194190524,8
0.0,0.7172069469179175,0.2827930530820824,,,,T182,Y,0.7172069469179175,,13
0.0,0.9050627497474936,0.0949372502525063,,,,T182,C,0.9050627497474936,,5
1.0,0.1319683951623377,0.8680316048376623,2.0,0.8164043598499805,0.1835956401500195,T182,R,0.8680316048376623,0.8164043598499805,10
0.0,0.9760440088386412,0.0239559911613586,,,,W183,I,0.9760440088386412,,15
1.0,0.003283322757654,0.996716677242346,2.0,0.9101672325527336,0.0898327674472664,W183,K,0.996716677242346,0.9101672325527336,11
1.0,0.1291687882170067,0.8708312117829933,2.0,0.6491596448016129,0.3508403551983871,W183,P,0.8708312117829933,0.6491596448016129,1
0.0,0.6641361072956417,0.3358638927043583,,,,W183,T,0.6641361072956417,,6
1.0,0.0693834614821975,0.9306165385178023,3.0,0.1494002467993861,0.8505997532006139,W183,Q,0.9306165385178023,0.8505997532006139,3
0.0,0.9039695260432596,0.0960304739567404,,,,W183,F,0.9039695260432596,,14
1.0,0.0411888274283213,0.9588111725716788,2.0,0.9989741756225956,0.0010258243774044,W183,D,0.9588111725716788,0.9989741756225956,9
0.0,0.950351554132181,0.049648445867819,,,,W183,C,0.950351554132181,,5
1.0,0.0859257171202372,0.9140742828797628,2.0,0.9664057522869668,0.0335942477130332,W183,S,0.9140742828797628,0.9664057522869668,7
0.0,0.9771916449102512,0.0228083550897487,,,,W183,V,0.9771916449102512,,18
1.0,0.0444907055280494,0.9555092944719504,2.0,0.998317658477805,0.001682341522195,W183,N,0.9555092944719504,0.998317658477805,4
0.0,0.6151834695213423,0.3848165304786577,,,,W183,G,0.6151834695213423,,20
1.0,0.0644855487472619,0.935514451252738,2.0,0.9996865069147206,0.0003134930852793,W183,H,0.935514451252738,0.9996865069147206,2
0.0,0.9460683152815462,0.0539316847184537,,,,W183,L,0.9460683152815462,,17
1.0,0.000100552912244,0.999899447087756,3.0,0.0942033210734065,0.9057966789265934,W183,R,0.999899447087756,0.9057966789265934,10
0.0,0.8277394435091482,0.1722605564908518,,,,W183,A,0.8277394435091482,,19
1.0,0.0640310996731993,0.9359689003268008,2.0,0.9776862621566632,0.0223137378433368,W183,E,0.9359689003268008,0.9776862621566632,8
0.0,0.6318287933755407,0.3681712066244593,,,,W183,Y,0.6318287933755407,,13
0.0,0.8799738628513398,0.1200261371486602,,,,W183,M,0.8799738628513398,,16
0.0,0.9639136572947492,0.0360863427052508,,,,C184,V,0.9639136572947492,,18
1.0,0.0109231310716712,0.9890768689283288,3.0,0.0001084488985811,0.9998915511014188,C184,W,0.9890768689283288,0.9998915511014188,12
1.0,0.0072693929963165,0.9927306070036834,3.0,0.0957028096164436,0.9042971903835564,C184,R,0.9927306070036834,0.9042971903835564,10
0.0,0.98470177984308,0.0152982201569201,,,,C184,L,0.98470177984308,,17
1.0,0.3321649956160584,0.6678350043839416,2.0,0.9728980828566628,0.0271019171433373,C184,H,0.6678350043839416,0.9728980828566628,2
0.0,0.8387402476620592,0.1612597523379407,,,,C184,N,0.8387402476620592,,4
0.0,0.9608470219972136,0.0391529780027863,,,,C184,A,0.9608470219972136,,19
1.0,0.4332341040299926,0.5667658959700074,3.0,0.12395093366489,0.8760490663351099,C184,F,0.5667658959700074,0.8760490663351099,14
0.0,0.9619695872659798,0.0380304127340201,,,,C184,T,0.9619695872659798,,6
0.0,0.677666878039413,0.322333121960587,,,,C184,G,0.677666878039413,,20
1.0,0.0351282320110716,0.9648717679889284,2.0,0.9783588368765812,0.0216411631234186,C184,K,0.9648717679889284,0.9783588368765812,11
0.0,0.9234635850769256,0.0765364149230745,,,,C184,I,0.9234635850769256,,15
1.0,0.0036348280682243,0.9963651719317757,3.0,0.0007416757411286,0.9992583242588714,C184,Y,0.9963651719317757,0.9992583242588714,13
0.0,0.9518023051788072,0.0481976948211927,,,,C184,M,0.9518023051788072,,16
1.0,0.0806930193464691,0.9193069806535308,2.0,0.5918047337622985,0.4081952662377016,C184,P,0.9193069806535308,0.5918047337622985,1
0.0,0.6114508364802406,0.3885491635197594,,,,C184,Q,0.6114508364802406,,3
0.0,0.6505837007992739,0.3494162992007262,,,,C184,S,0.6505837007992739,,7
1.0,0.3974227201861855,0.6025772798138145,3.0,0.2679568266752128,0.7320431733247872,C184,D,0.6025772798138145,0.7320431733247872,9
1.0,0.2481970743394456,0.7518029256605544,2.0,0.950629508379428,0.0493704916205719,C184,E,0.7518029256605544,0.950629508379428,8
0.0,0.9207128851222516,0.0792871148777484,,,,N185,L,0.9207128851222516,,17
1.0,0.4135289366340683,0.5864710633659317,2.0,0.5810269957057423,0.4189730042942576,N185,W,0.5864710633659317,0.5810269957057423,12
0.0,0.6456837680958724,0.3543162319041276,,,,N185,A,0.6456837680958724,,19
0.0,0.6960379301514681,0.3039620698485319,,,,N185,V,0.6960379301514681,,18
1.0,0.2520259340598325,0.7479740659401675,3.0,0.1600371240785433,0.8399628759214567,N185,R,0.7479740659401675,0.8399628759214567,10
1.0,0.4836311051251555,0.5163688948748445,2.0,0.943180672060396,0.056819327939604,N185,H,0.5163688948748445,0.943180672060396,2
0.0,0.8486800494538778,0.1513199505461222,,,,N185,C,0.8486800494538778,,5
0.0,0.7372050885320884,0.2627949114679116,,,,N185,G,0.7372050885320884,,20
1.0,0.2480495496810391,0.7519504503189609,3.0,0.2178927671679926,0.7821072328320073,N185,D,0.7519504503189609,0.7821072328320073,9
0.0,0.8210504439993126,0.1789495560006873,,,,N185,F,0.8210504439993126,,14
0.0,0.9860431233984036,0.0139568766015963,,,,N185,S,0.9860431233984036,,7
0.0,0.8742455827930907,0.1257544172069093,,,,N185,T,0.8742455827930907,,6
0.0,0.8764321522142192,0.1235678477857807,,,,N185,Q,0.8764321522142192,,3
1.0,0.0312705146853394,0.9687294853146604,3.0,0.1754563769500456,0.8245436230499543,N185,P,0.9687294853146604,0.8245436230499543,1
1.0,0.2940532702276344,0.7059467297723656,3.0,0.2505828619857435,0.7494171380142565,N185,E,0.7059467297723656,0.7494171380142565,8
0.0,0.6489979901647696,0.3510020098352304,,,,N185,Y,0.6489979901647696,,13
1.0,0.1582854428139058,0.8417145571860941,3.0,0.1068305321700179,0.8931694678299821,N185,K,0.8417145571860941,0.8931694678299821,11
0.0,0.6624720070430901,0.33752799295691,,,,N185,I,0.6624720070430901,,15
0.0,0.8809985182182696,0.1190014817817304,,,,N185,M,0.8809985182182696,,16
1.0,4.2161949299179824e-05,0.9999578380507008,3.0,0.3581290323134907,0.6418709676865093,G186,Y,0.9999578380507008,0.6418709676865093,13
1.0,0.2398260171835705,0.7601739828164294,3.0,0.0274228739208421,0.9725771260791578,G186,M,0.7601739828164294,0.9725771260791578,16
1.0,0.4301153280513698,0.5698846719486301,2.0,0.9343176863521808,0.065682313647819,G186,A,0.5698846719486301,0.9343176863521808,19
1.0,0.004776557919941,0.995223442080059,2.0,0.8515273867326447,0.1484726132673552,G186,P,0.995223442080059,0.8515273867326447,1
1.0,0.0294486557387178,0.9705513442612822,2.0,0.7967910671502965,0.2032089328497036,G186,Q,0.9705513442612822,0.7967910671502965,3
1.0,0.0233145669877326,0.9766854330122674,2.0,0.5348910261811226,0.4651089738188774,G186,V,0.9766854330122674,0.5348910261811226,18
1.0,0.0769082633965032,0.9230917366034967,2.0,0.5649824486546868,0.4350175513453132,G186,C,0.9230917366034967,0.5649824486546868,5
1.0,0.0006633153774759,0.999336684622524,3.0,0.4031329895821429,0.5968670104178571,G186,E,0.999336684622524,0.5968670104178571,8
1.0,0.0097173394060734,0.9902826605939266,3.0,0.1711147172240594,0.8288852827759405,G186,N,0.9902826605939266,0.8288852827759405,4
1.0,0.0014033313619989,0.998596668638001,3.0,0.2174900709328945,0.7825099290671055,G186,F,0.998596668638001,0.7825099290671055,14
1.0,0.0138460641537158,0.9861539358462842,2.0,0.6853759443172958,0.3146240556827042,G186,T,0.9861539358462842,0.6853759443172958,6
1.0,0.000915952346534,0.999084047653466,3.0,0.482233507551843,0.517766492448157,G186,K,0.999084047653466,0.517766492448157,11
1.0,0.0003001567597006,0.9996998432402994,3.0,0.0277184202367554,0.9722815797632446,G186,D,0.9996998432402994,0.9722815797632446,9
1.0,7.016609515630989e-14,0.9999999999999298,3.0,0.0010713609687564,0.9989286390312436,G186,H,0.9999999999999298,0.9989286390312436,2
1.0,0.0023696293113315,0.9976303706886684,3.0,0.0096452335002488,0.9903547664997512,G186,R,0.9976303706886684,0.9903547664997512,10
1.0,0.1164855827823276,0.8835144172176723,3.0,0.0830602345326316,0.9169397654673684,G186,L,0.8835144172176723,0.9169397654673684,17
1.0,0.0010740818356406,0.9989259181643594,3.0,0.0154602600697923,0.9845397399302076,G186,W,0.9989259181643594,0.9845397399302076,12
1.0,0.1324912844999162,0.8675087155000838,2.0,0.9473286487440769,0.0526713512559233,G186,S,0.8675087155000838,0.9473286487440769,7
1.0,0.0062297719554591,0.9937702280445408,3.0,0.3850699840114093,0.6149300159885907,G186,I,0.9937702280445408,0.6149300159885907,15
0.0,0.9052028944722006,0.0947971055277994,,,,S187,V,0.9052028944722006,,18
1.0,0.2131482817204528,0.7868517182795471,3.0,0.105206915162981,0.8947930848370189,S187,Y,0.7868517182795471,0.8947930848370189,13
0.0,0.988936927861418,0.011063072138582,,,,S187,A,0.988936927861418,,19
1.0,0.4778752204501377,0.5221247795498623,3.0,0.2270695513962717,0.7729304486037283,S187,G,0.5221247795498623,0.7729304486037283,20
1.0,0.0296916364057424,0.9703083635942577,3.0,0.0424609459763355,0.9575390540236643,S187,W,0.9703083635942577,0.9575390540236643,12
1.0,0.0349112519328053,0.9650887480671948,3.0,0.0297053349219463,0.9702946650780536,S187,R,0.9650887480671948,0.9702946650780536,10
0.0,0.9357790574045723,0.0642209425954276,,,,S187,L,0.9357790574045723,,17
1.0,0.085585717396151,0.9144142826038488,2.0,0.7352695614895915,0.2647304385104084,S187,H,0.9144142826038488,0.7352695614895915,2
1.0,0.2697641135528025,0.7302358864471975,2.0,0.9888690967725116,0.0111309032274884,S187,N,0.7302358864471975,0.9888690967725116,4
0.0,0.6381948396060151,0.3618051603939849,,,,S187,F,0.6381948396060151,,14
0.0,0.9955990658282384,0.0044009341717615,,,,S187,T,0.9955990658282384,,6
1.0,0.1215371620865262,0.8784628379134738,3.0,0.2757400513763837,0.7242599486236163,S187,P,0.8784628379134738,0.7242599486236163,1
0.0,0.8694540933777957,0.1305459066222043,,,,S187,I,0.8694540933777957,,15
1.0,0.0240655325901369,0.975934467409863,3.0,0.0685257551848133,0.9314742448151868,S187,K,0.975934467409863,0.9314742448151868,11
1.0,0.3288786039147412,0.6711213960852588,3.0,0.3063730737997823,0.6936269262002177,S187,Q,0.6711213960852588,0.6936269262002177,3
1.0,0.0730968101804936,0.9269031898195064,3.0,0.3406808938105121,0.6593191061894879,S187,D,0.9269031898195064,0.6593191061894879,9
0.0,0.6687637411987832,0.3312362588012167,,,,S187,M,0.6687637411987832,,16
0.0,0.5376220371484343,0.4623779628515657,,,,S187,C,0.5376220371484343,,5
1.0,0.1012339384086412,0.8987660615913587,3.0,0.0701944989782528,0.9298055010217472,S187,E,0.8987660615913587,0.9298055010217472,8
0.0,0.9960256208270843,0.0039743791729155,,,,I188,L,0.9960256208270843,,17
1.0,0.0823417038237893,0.9176582961762106,3.0,0.0228427037766606,0.9771572962233394,I188,Y,0.9176582961762106,0.9771572962233394,13
1.0,0.1464590043368279,0.8535409956631721,2.0,0.5094065386314182,0.4905934613685818,I188,Q,0.8535409956631721,0.5094065386314182,3
1.0,0.4794329058642959,0.5205670941357041,3.0,0.0001764933200028,0.9998235066799972,I188,T,0.5205670941357041,0.9998235066799972,6
1.0,0.122832729179819,0.877167270820181,3.0,0.191278561524126,0.808721438475874,I188,S,0.877167270820181,0.808721438475874,7
1.0,0.0046178347109802,0.9953821652890198,3.0,0.34162080284036,0.65837919715964,I188,D,0.9953821652890198,0.65837919715964,9
1.0,0.2059572978896452,0.7940427021103548,3.0,0.0085472837871631,0.9914527162128368,I188,M,0.7940427021103548,0.9914527162128368,16
1.0,0.0074239328795174,0.9925760671204824,3.0,0.0020583746691494,0.9979416253308504,I188,W,0.9925760671204824,0.9979416253308504,12
1.0,0.2797739320337881,0.7202260679662119,3.0,0.0917964898673869,0.908203510132613,I188,C,0.7202260679662119,0.908203510132613,5
1.0,0.0375961950265795,0.9624038049734204,3.0,0.0017802601791506,0.9982197398208492,I188,P,0.9624038049734204,0.9982197398208492,1
1.0,0.0066682951080189,0.9933317048919812,3.0,6.39616022490852e-06,0.9999936038397752,I188,K,0.9933317048919812,0.9999936038397752,11
0.0,0.9964375113639096,0.0035624886360905,,,,I188,V,0.9964375113639096,,18
1.0,0.4069537714406656,0.5930462285593344,2.0,0.8672367337536967,0.1327632662463033,I188,A,0.5930462285593344,0.8672367337536967,19
1.0,0.0070922578675868,0.9929077421324132,2.0,0.6687205912112331,0.3312794087887669,I188,E,0.9929077421324132,0.6687205912112331,8
1.0,0.1563915033973587,0.8436084966026413,3.0,0.3521597474060041,0.6478402525939959,I188,G,0.8436084966026413,0.6478402525939959,20
1.0,0.0014327223766296,0.9985672776233704,3.0,0.0310561831156166,0.9689438168843834,I188,R,0.9985672776233704,0.9689438168843834,10
1.0,0.1997594851769095,0.8002405148230904,3.0,0.0181759210834849,0.981824078916515,I188,N,0.8002405148230904,0.981824078916515,4
1.0,0.1486034126052612,0.8513965873947388,3.0,0.1124093694207408,0.8875906305792591,I188,H,0.8513965873947388,0.8875906305792591,2
1.0,0.0870550580297596,0.9129449419702405,3.0,0.0026189263562186,0.9973810736437814,I188,F,0.9129449419702405,0.9973810736437814,14
1.0,0.4416171805818947,0.5583828194181053,3.0,0.2281420329111319,0.7718579670888681,F189,G,0.5583828194181053,0.7718579670888681,20
1.0,0.1567042280105717,0.8432957719894283,2.0,0.8059463879675752,0.1940536120324247,F189,H,0.8432957719894283,0.8059463879675752,2
1.0,0.3169823144355587,0.6830176855644413,3.0,0.0223131400262737,0.9776868599737264,F189,M,0.6830176855644413,0.9776868599737264,16
0.0,0.8678190732591848,0.1321809267408151,,,,F189,L,0.8678190732591848,,17
1.0,0.2349374360535584,0.7650625639464416,3.0,7.532961586731446e-06,0.9999924670384132,F189,Y,0.7650625639464416,0.9999924670384132,13
1.0,0.418292758308659,0.581707241691341,3.0,0.0268522907056267,0.9731477092943732,F189,T,0.581707241691341,0.9731477092943732,6
1.0,0.214754882445189,0.785245117554811,3.0,0.3438563332105468,0.6561436667894531,F189,N,0.785245117554811,0.6561436667894531,4
1.0,0.2779378080839869,0.7220621919160131,3.0,0.2541160837761951,0.7458839162238049,F189,P,0.7220621919160131,0.7458839162238049,1
1.0,0.3735368517940833,0.6264631482059166,3.0,0.235814207313736,0.764185792686264,F189,C,0.6264631482059166,0.764185792686264,5
1.0,0.1784431811181753,0.8215568188818246,3.0,0.0260226209898682,0.9739773790101316,F189,I,0.8215568188818246,0.9739773790101316,15
1.0,0.0240553168249761,0.9759446831750238,2.0,0.9576622352637963,0.0423377647362034,F189,K,0.9759446831750238,0.9576622352637963,11
1.0,0.1963645327011003,0.8036354672988997,3.0,0.202802797413555,0.797197202586445,F189,Q,0.8036354672988997,0.797197202586445,3
1.0,0.3684653512101093,0.6315346487898906,3.0,0.2457410538947689,0.754258946105231,F189,W,0.6315346487898906,0.754258946105231,12
1.0,0.1598203105282323,0.8401796894717677,3.0,0.0503026733208863,0.9496973266791136,F189,S,0.8401796894717677,0.9496973266791136,7
1.0,0.0412780299691579,0.958721970030842,2.0,0.8928355320689763,0.1071644679310237,F189,E,0.958721970030842,0.8928355320689763,8
1.0,0.1865917700481489,0.813408229951851,3.0,0.2519213525604438,0.7480786474395562,F189,D,0.813408229951851,0.7480786474395562,9
0.0,0.6167800443190545,0.3832199556809455,,,,F189,A,0.6167800443190545,,19
1.0,0.3273377002944255,0.6726622997055745,3.0,0.0197770601165534,0.9802229398834466,F189,V,0.6726622997055745,0.9802229398834466,18
1.0,0.0105638560972604,0.9894361439027396,3.0,0.0295702864539164,0.9704297135460836,F189,R,0.9894361439027396,0.9704297135460836,10
1.0,2.2745048644523538e-07,0.9999997725495136,2.0,0.5098130131705803,0.4901869868294198,G190,E,0.9999997725495136,0.5098130131705803,8
1.0,1.3435397466676768e-05,0.9999865646025332,3.0,0.1064665798023843,0.8935334201976156,G190,I,0.9999865646025332,0.8935334201976156,15
1.0,3.314255186737114e-06,0.9999966857448132,2.0,0.868540041310956,0.131459958689044,G190,Q,0.9999966857448132,0.868540041310956,3
1.0,8.247027729890721e-05,0.9999175297227012,3.0,0.2284225238828431,0.7715774761171569,G190,N,0.9999175297227012,0.7715774761171569,4
1.0,0.0002463579471295,0.9997536420528704,3.0,0.2321842684324493,0.7678157315675507,G190,V,0.9997536420528704,0.7678157315675507,18
1.0,0.0001514521163854,0.9998485478836144,3.0,0.0131229110299608,0.9868770889700392,G190,M,0.9998485478836144,0.9868770889700392,16
1.0,0.0124289154314871,0.9875710845685128,2.0,0.5363081225578505,0.4636918774421494,G190,C,0.9875710845685128,0.5363081225578505,5
1.0,2.054477168389468e-07,0.9999997945522832,2.0,0.6003756867730818,0.3996243132269182,G190,K,0.9999997945522832,0.6003756867730818,11
1.0,6.32648289955462e-06,0.9999936735171004,3.0,0.0409896645288679,0.959010335471132,G190,D,0.9999936735171004,0.959010335471132,9
1.0,8.485743219210916e-10,0.9999999991514256,3.0,0.0414495691473282,0.9585504308526718,G190,F,0.9999999991514256,0.9585504308526718,14
0.0,0.7047637038207588,0.2952362961792412,,,,G190,A,0.7047637038207588,,19
1.0,1.3703482792948307e-11,0.9999999999862964,3.0,0.0013055862965273,0.9986944137034728,G190,H,0.9999999999862964,0.9986944137034728,2
1.0,0.0179376243582644,0.9820623756417356,2.0,0.9701107789931528,0.0298892210068472,G190,P,0.9820623756417356,0.9701107789931528,1
1.0,0.3926197799204808,0.6073802200795192,2.0,0.9824277266943297,0.0175722733056704,G190,S,0.6073802200795192,0.9824277266943297,7
1.0,0.0010763026777397,0.9989236973222604,3.0,0.4760664621763066,0.5239335378236933,G190,T,0.9989236973222604,0.5239335378236933,6
1.0,3.5670799647391505e-11,0.9999999999643292,3.0,0.006766535013107,0.9932334649868928,G190,W,0.9999999999643292,0.9932334649868928,12
1.0,5.8709632891229546e-05,0.9999412903671088,3.0,0.0199910694780156,0.9800089305219843,G190,L,0.9999412903671088,0.9800089305219843,17
1.0,3.3910430019545856e-11,0.9999999999660896,2.0,0.5369160427040824,0.4630839572959176,G190,Y,0.9999999999660896,0.5369160427040824,13
1.0,1.1238525177148517e-07,0.9999998876147482,3.0,0.0161448306225368,0.9838551693774632,G190,R,0.9999998876147482,0.9838551693774632,10
1.0,0.0039064740471816,0.9960935259528184,3.0,8.021436454730413e-06,0.9999919785635452,I191,K,0.9960935259528184,0.9999919785635452,11
1.0,0.0743337617445125,0.9256662382554874,3.0,0.0062760549795676,0.9937239450204324,I191,P,0.9256662382554874,0.9937239450204324,1
1.0,0.1368758202462929,0.863124179753707,2.0,0.7921577400241336,0.2078422599758663,I191,Q,0.863124179753707,0.7921577400241336,3
0.0,0.6405708159923622,0.3594291840076378,,,,I191,T,0.6405708159923622,,6
1.0,0.3505379551112306,0.6494620448887694,3.0,0.0289623499397594,0.9710376500602406,I191,M,0.6494620448887694,0.9710376500602406,16
1.0,0.1492389733688606,0.8507610266311394,3.0,0.3906793209804181,0.6093206790195819,I191,S,0.8507610266311394,0.6093206790195819,7
1.0,0.0039946433203704,0.9960053566796296,2.0,0.6317494582300307,0.3682505417699693,I191,E,0.9960053566796296,0.6317494582300307,8
1.0,0.0033697051866935,0.9966302948133064,3.0,0.3458442831303014,0.6541557168696985,I191,D,0.9966302948133064,0.6541557168696985,9
1.0,0.0935941090409988,0.9064058909590011,3.0,0.0168208678529018,0.9831791321470982,I191,F,0.9064058909590011,0.9831791321470982,14
1.0,0.0357456399177719,0.964254360082228,3.0,0.0894736340933626,0.9105263659066374,I191,Y,0.964254360082228,0.9105263659066374,13
1.0,0.1113303891634699,0.8886696108365301,3.0,0.0267613858256408,0.9732386141743592,I191,N,0.8886696108365301,0.9732386141743592,4
1.0,0.0079699143270028,0.9920300856729972,3.0,0.0131591213247793,0.9868408786752206,I191,W,0.9920300856729972,0.9868408786752206,12
0.0,0.9921301850766752,0.0078698149233247,,,,I191,V,0.9921301850766752,,18
1.0,0.3501324218939874,0.6498675781060126,3.0,0.2198446192100378,0.7801553807899622,I191,C,0.6498675781060126,0.7801553807899622,5
1.0,0.0012890440334251,0.9987109559665748,3.0,0.0537699647468322,0.9462300352531676,I191,R,0.9987109559665748,0.9462300352531676,10
1.0,0.1578376358063871,0.8421623641936129,2.0,0.6216816425175606,0.3783183574824394,I191,G,0.8421623641936129,0.6216816425175606,20
0.0,0.99547586052473,0.00452413947527,,,,I191,L,0.99547586052473,,17
1.0,0.1789930989647939,0.821006901035206,2.0,0.8443648955500258,0.1556351044499741,I191,A,0.821006901035206,0.8443648955500258,19
1.0,0.0567617038925599,0.94323829610744,3.0,0.1712561995043102,0.8287438004956897,I191,H,0.94323829610744,0.8287438004956897,2
0.0,0.9583367224831068,0.0416632775168932,,,,H192,A,0.9583367224831068,,19
0.0,0.9897753497322126,0.0102246502677874,,,,H192,M,0.9897753497322126,,16
1.0,0.061067846375485,0.938932153624515,2.0,0.8989451376273909,0.1010548623726091,H192,W,0.938932153624515,0.8989451376273909,12
0.0,0.9730519926942804,0.0269480073057195,,,,H192,V,0.9730519926942804,,18
1.0,0.0527660449528352,0.9472339550471648,3.0,0.0480220644275107,0.9519779355724892,H192,R,0.9472339550471648,0.9519779355724892,10
0.0,0.9871013641634836,0.0128986358365165,,,,H192,Q,0.9871013641634836,,3
1.0,0.1534458127026966,0.8465541872973034,2.0,0.9881082998753206,0.0118917001246794,H192,E,0.8465541872973034,0.9881082998753206,8
0.0,0.9956486171119022,0.0043513828880977,,,,H192,L,0.9956486171119022,,17
0.0,0.8874512878899977,0.1125487121100023,,,,H192,G,0.8874512878899977,,20
0.0,0.6951569997523647,0.3048430002476353,,,,H192,Y,0.6951569997523647,,13
0.0,0.8057553101686761,0.1942446898313239,,,,H192,S,0.8057553101686761,,7
0.0,0.7345867724365915,0.2654132275634084,,,,H192,N,0.7345867724365915,,4
0.0,0.8970255984529204,0.1029744015470795,,,,H192,F,0.8970255984529204,,14
1.0,0.084030259030812,0.915969740969188,3.0,0.2284750855989683,0.7715249144010317,H192,D,0.915969740969188,0.7715249144010317,9
0.0,0.9339967048285114,0.0660032951714885,,,,H192,T,0.9339967048285114,,6
1.0,0.1242773328971112,0.8757226671028887,2.0,0.9586856509071332,0.0413143490928667,H192,K,0.8757226671028887,0.9586856509071332,11
0.0,0.9377413130854512,0.0622586869145487,,,,H192,C,0.9377413130854512,,5
0.0,0.637716615792076,0.362283384207924,,,,H192,P,0.637716615792076,,1
0.0,0.9852269147506092,0.0147730852493908,,,,H192,I,0.9852269147506092,,15
1.0,0.1227514564148599,0.87724854358514,3.0,0.0625881149905862,0.9374118850094136,N193,D,0.87724854358514,0.9374118850094136,9
1.0,0.3031456627869242,0.6968543372130758,3.0,0.000746353703992,0.999253646296008,N193,I,0.6968543372130758,0.999253646296008,15
0.0,0.7841920413499501,0.2158079586500499,,,,N193,F,0.7841920413499501,,14
0.0,0.558308325867351,0.441691674132649,,,,N193,Q,0.558308325867351,,3
0.0,0.7180476920167237,0.2819523079832763,,,,N193,T,0.7180476920167237,,6
0.0,0.91038039781424,0.08961960218576,,,,N193,S,0.91038039781424,,7
1.0,0.0822130947211426,0.9177869052788572,3.0,0.1466953832377724,0.8533046167622276,N193,P,0.9177869052788572,0.8533046167622276,1
1.0,0.1438353544753138,0.8561646455246862,3.0,0.237442256120709,0.762557743879291,N193,W,0.8561646455246862,0.762557743879291,12
0.0,0.5770173699562209,0.422982630043779,,,,N193,C,0.5770173699562209,,5
0.0,0.6397998941113074,0.3602001058886925,,,,N193,G,0.6397998941113074,,20
1.0,0.1240104775917707,0.8759895224082292,2.0,0.5951978744983977,0.4048021255016024,N193,H,0.8759895224082292,0.5951978744983977,2
0.0,0.7646648688077842,0.2353351311922158,,,,N193,L,0.7646648688077842,,17
1.0,0.3129480587176803,0.6870519412823197,3.0,0.0924315696752049,0.9075684303247952,N193,R,0.6870519412823197,0.9075684303247952,10
1.0,0.485178712468859,0.514821287531141,2.0,0.9627974075845406,0.0372025924154593,N193,A,0.514821287531141,0.9627974075845406,19
1.0,0.4314706774260982,0.5685293225739018,3.0,0.0184619477338092,0.9815380522661908,N193,V,0.5685293225739018,0.9815380522661908,18
1.0,0.0550378343832131,0.9449621656167868,3.0,0.0375559014735574,0.9624440985264424,N193,E,0.9449621656167868,0.9624440985264424,8
0.0,0.6081606081574102,0.3918393918425898,,,,N193,Y,0.6081606081574102,,13
1.0,0.4799435846538784,0.5200564153461216,3.0,0.0243903982908086,0.9756096017091912,N193,M,0.5200564153461216,0.9756096017091912,16
1.0,0.4890278437443908,0.5109721562556092,3.0,0.2394989197140747,0.7605010802859252,N193,K,0.5109721562556092,0.7605010802859252,11
1.0,5.786742160340808e-06,0.9999942132578395,3.0,0.0531725013493942,0.9468274986506058,S194,Y,0.9999942132578395,0.9468274986506058,13
1.0,0.0020940682272333,0.9979059317727668,3.0,0.0559254609184373,0.9440745390815628,S194,E,0.9979059317727668,0.9440745390815628,8
1.0,0.0884773307097925,0.9115226692902074,3.0,0.0109905703338547,0.9890094296661452,S194,M,0.9115226692902074,0.9890094296661452,16
1.0,1.6873357982061243e-05,0.999983126642018,2.0,0.7837027815349802,0.2162972184650197,S194,H,0.999983126642018,0.7837027815349802,2
1.0,0.0205858802922068,0.9794141197077932,3.0,0.2753406574667961,0.7246593425332039,S194,D,0.9794141197077932,0.7246593425332039,9
1.0,0.0561250076374016,0.9438749923625984,3.0,0.074809406130495,0.925190593869505,S194,L,0.9438749923625984,0.925190593869505,17
0.0,0.6906024679323148,0.3093975320676852,,,,S194,G,0.6906024679323148,,20
1.0,0.0097500310967282,0.9902499689032718,3.0,0.0532545277021961,0.9467454722978038,S194,K,0.9902499689032718,0.9467454722978038,11
1.0,0.0047860513472388,0.9952139486527612,3.0,0.023480212473281,0.976519787526719,S194,R,0.9952139486527612,0.976519787526719,10
0.0,0.6689389776566768,0.3310610223433232,,,,S194,N,0.6689389776566768,,4
0.0,0.5383521050350917,0.4616478949649082,,,,S194,C,0.5383521050350917,,5
1.0,1.26930664867686e-08,0.9999999873069336,3.0,0.0086237977368928,0.9913762022631072,S194,W,0.9999999873069336,0.9913762022631072,12
1.0,3.458982441695291e-05,0.999965410175583,3.0,0.0873874379548362,0.9126125620451636,S194,F,0.999965410175583,0.9126125620451636,14
1.0,0.1565849473320748,0.8434150526679252,3.0,0.0546539572370393,0.9453460427629606,S194,I,0.8434150526679252,0.9453460427629606,15
1.0,0.0302103153750438,0.9697896846249562,3.0,0.1270849236179601,0.8729150763820399,S194,P,0.9697896846249562,0.8729150763820399,1
0.0,0.9835236745856266,0.0164763254143733,,,,S194,T,0.9835236745856266,,6
1.0,0.2522847143733778,0.7477152856266222,3.0,0.4791288473778021,0.5208711526221979,S194,V,0.7477152856266222,0.5208711526221979,18
0.0,0.9878006964274808,0.0121993035725191,,,,S194,A,0.9878006964274808,,19
1.0,0.1336465988174874,0.8663534011825126,3.0,0.2236217425878713,0.7763782574121286,S194,Q,0.8663534011825126,0.7763782574121286,3
0.0,0.9861009538682254,0.0138990461317746,,,,V195,S,0.9861009538682254,,7
0.0,0.67937895918767,0.32062104081233,,,,V195,D,0.67937895918767,,9
0.0,0.6592534660044147,0.3407465339955853,,,,V195,E,0.6592534660044147,,8
1.0,0.4253724177160189,0.574627582283981,2.0,0.9967422771608864,0.0032577228391136,V195,K,0.574627582283981,0.9967422771608864,11
0.0,0.9977302823749492,0.0022697176250509,,,,V195,Y,0.9977302823749492,,13
1.0,0.3351057910391172,0.6648942089608828,2.0,0.6816113302011869,0.3183886697988131,V195,R,0.6648942089608828,0.6816113302011869,10
0.0,0.9879932011354016,0.0120067988645983,,,,V195,T,0.9879932011354016,,6
0.0,0.9369861769278356,0.0630138230721643,,,,V195,H,0.9369861769278356,,2
0.0,0.9996327709607966,0.0003672290392033,,,,V195,F,0.9996327709607966,,14
0.0,0.9495069167893349,0.0504930832106651,,,,V195,N,0.9495069167893349,,4
0.0,0.9447543831585026,0.0552456168414974,,,,V195,G,0.9447543831585026,,20
0.0,0.9147197560777256,0.0852802439222745,,,,V195,Q,0.9147197560777256,,3
0.0,0.9218978906372284,0.0781021093627716,,,,V195,P,0.9218978906372284,,1
0.0,0.9968849084154434,0.0031150915845565,,,,V195,W,0.9968849084154434,,12
0.0,0.9908424313684532,0.0091575686315467,,,,V195,A,0.9908424313684532,,19
0.0,0.9990631594849864,0.0009368405150137,,,,V195,I,0.9990631594849864,,15
0.0,0.9961094330772282,0.0038905669227717,,,,V195,C,0.9961094330772282,,5
0.0,0.9753903600668912,0.0246096399331086,,,,V195,M,0.9753903600668912,,16
0.0,0.9992703754364232,0.0007296245635767,,,,V195,L,0.9992703754364232,,17
1.0,0.1776227279841286,0.8223772720158714,3.0,0.0318127185492841,0.968187281450716,G196,I,0.8223772720158714,0.968187281450716,15
1.0,0.0353612905614385,0.9646387094385614,3.0,0.4717460467662012,0.5282539532337988,G196,E,0.9646387094385614,0.5282539532337988,8
0.0,0.5509143868919295,0.4490856131080704,,,,G196,W,0.5509143868919295,,12
0.0,0.5140634857087609,0.4859365142912391,,,,G196,T,0.5140634857087609,,6
1.0,0.4224969951989801,0.5775030048010199,3.0,0.3149876917443597,0.6850123082556403,G196,C,0.5775030048010199,0.6850123082556403,5
0.0,0.7103999763554699,0.2896000236445301,,,,G196,P,0.7103999763554699,,1
0.0,0.96768732671958,0.03231267328042,,,,G196,S,0.96768732671958,,7
0.0,0.5038623637817563,0.4961376362182437,,,,G196,N,0.5038623637817563,,4
0.0,0.5508388958886781,0.4491611041113219,,,,G196,Q,0.5508388958886781,,3
1.0,0.0902835836468179,0.909716416353182,2.0,0.5213568260271698,0.4786431739728302,G196,K,0.909716416353182,0.5213568260271698,11
1.0,0.1195637263818966,0.8804362736181034,3.0,0.0523519391230981,0.947648060876902,G196,V,0.8804362736181034,0.947648060876902,18
1.0,0.3397288151498892,0.6602711848501108,3.0,0.0134017829874332,0.9865982170125668,G196,F,0.6602711848501108,0.9865982170125668,14
1.0,0.0483165149128507,0.9516834850871492,3.0,0.029396237466979,0.9706037625330208,G196,D,0.9516834850871492,0.9706037625330208,9
1.0,0.3151010057566163,0.6848989942433836,3.0,0.1692719917727332,0.8307280082272668,G196,Y,0.6848989942433836,0.8307280082272668,13
0.0,0.903420319199054,0.096579680800946,,,,G196,A,0.903420319199054,,19
1.0,0.4906686352529373,0.5093313647470626,3.0,0.0057046294285771,0.9942953705714228,G196,L,0.5093313647470626,0.9942953705714228,17
1.0,0.2740806050969212,0.7259193949030788,3.0,0.0008853927417192,0.9991146072582808,G196,H,0.7259193949030788,0.9991146072582808,2
1.0,0.1818976842600538,0.8181023157399462,3.0,0.013865680603703,0.9861343193962968,G196,R,0.8181023157399462,0.9861343193962968,10
1.0,0.4494010690779981,0.5505989309220019,3.0,0.0035217365094907,0.9964782634905092,G196,M,0.5505989309220019,0.9964782634905092,16
1.0,0.0338953890974406,0.9661046109025594,3.0,0.0003729434487594,0.9996270565512404,I197,K,0.9661046109025594,0.9996270565512404,11
1.0,0.4319214862726934,0.5680785137273066,3.0,0.1437370439140296,0.8562629560859704,I197,F,0.5680785137273066,0.8562629560859704,14
0.0,0.6085220788006431,0.3914779211993568,,,,I197,A,0.6085220788006431,,19
1.0,0.0609731924651594,0.9390268075348406,2.0,0.9946867760532492,0.0053132239467509,I197,E,0.9390268075348406,0.9946867760532492,8
0.0,0.5470323721126343,0.4529676278873656,,,,I197,W,0.5470323721126343,,12
0.0,0.6457537579316559,0.3542462420683441,,,,I197,T,0.6457537579316559,,6
0.0,0.6917916968029232,0.3082083031970768,,,,I197,P,0.6917916968029232,,1
1.0,0.2040605802143477,0.7959394197856523,2.0,0.5496668997847394,0.4503331002152606,I197,C,0.7959394197856523,0.5496668997847394,5
1.0,0.0297960309968291,0.9702039690031709,2.0,0.665410869899957,0.3345891301000429,I197,R,0.9702039690031709,0.665410869899957,10
1.0,0.0193558164415755,0.9806441835584244,2.0,0.9672959598852576,0.0327040401147424,I197,D,0.9806441835584244,0.9672959598852576,9
0.0,0.9981988241556212,0.0018011758443789,,,,I197,L,0.9981988241556212,,17
1.0,0.2499806877936337,0.7500193122063663,3.0,0.3668959181118998,0.6331040818881002,I197,Y,0.7500193122063663,0.6331040818881002,13
0.0,0.6826213893986437,0.3173786106013563,,,,I197,M,0.6826213893986437,,16
1.0,0.2446284169451258,0.7553715830548742,2.0,0.8110663159169447,0.1889336840830553,I197,H,0.7553715830548742,0.8110663159169447,2
1.0,0.2827020495493183,0.7172979504506817,2.0,0.900500671266768,0.0994993287332319,I197,S,0.7172979504506817,0.900500671266768,7
1.0,0.4400438654110028,0.5599561345889972,2.0,0.9904627274170528,0.0095372725829473,I197,Q,0.5599561345889972,0.9904627274170528,3
1.0,0.2583831225988323,0.7416168774011677,2.0,0.953971186191184,0.0460288138088159,I197,G,0.7416168774011677,0.953971186191184,20
1.0,0.32729757411185,0.67270242588815,3.0,0.4918562541015078,0.5081437458984922,I197,N,0.67270242588815,0.5081437458984922,4
0.0,0.99788467104562,0.00211532895438,,,,I197,V,0.99788467104562,,18
1.0,0.0096378071571491,0.9903621928428508,3.0,0.0036809270813652,0.9963190729186348,L198,R,0.9903621928428508,0.9963190729186348,10
0.0,0.9325636481618068,0.0674363518381931,,,,L198,V,0.9325636481618068,,18
1.0,0.0182412507265116,0.9817587492734884,3.0,0.2963364228486043,0.7036635771513957,L198,E,0.9817587492734884,0.7036635771513957,8
1.0,0.1994340816462908,0.8005659183537092,3.0,0.3921543039087769,0.6078456960912231,L198,H,0.8005659183537092,0.6078456960912231,2
1.0,0.1012882447334725,0.8987117552665275,3.0,0.0072096253276946,0.9927903746723054,L198,G,0.8987117552665275,0.9927903746723054,20
1.0,0.0974216543378502,0.9025783456621498,3.0,0.332284860682752,0.667715139317248,L198,N,0.9025783456621498,0.667715139317248,4
1.0,0.3605771753005833,0.6394228246994167,3.0,0.3150651502314706,0.6849348497685294,L198,A,0.6394228246994167,0.6849348497685294,19
1.0,0.1633366036227213,0.8366633963772787,2.0,0.5294909542464692,0.4705090457535307,L198,W,0.8366633963772787,0.5294909542464692,12
0.0,0.7207681388943533,0.2792318611056467,,,,L198,F,0.7207681388943533,,14
0.0,0.6309856500963371,0.3690143499036629,,,,L198,T,0.6309856500963371,,6
1.0,0.411703770015276,0.588296229984724,3.0,0.1107823610295316,0.8892176389704683,L198,P,0.588296229984724,0.8892176389704683,1
0.0,0.994270194721762,0.0057298052782381,,,,L198,I,0.994270194721762,,15
1.0,0.0267916319093292,0.9732083680906708,2.0,0.9541023538343792,0.0458976461656208,L198,K,0.9732083680906708,0.9541023538343792,11
1.0,0.1404144090577338,0.8595855909422662,3.0,0.0393688918970348,0.9606311081029651,L198,S,0.8595855909422662,0.9606311081029651,7
1.0,0.3874346140068508,0.6125653859931491,3.0,0.1372669352479267,0.8627330647520732,L198,Y,0.6125653859931491,0.8627330647520732,13
1.0,0.0130239406320592,0.9869760593679408,3.0,0.312646871837692,0.687353128162308,L198,D,0.9869760593679408,0.687353128162308,9
0.0,0.8803686979490621,0.1196313020509378,,,,L198,C,0.8803686979490621,,5
1.0,0.4055437685646532,0.5944562314353468,3.0,0.3753405862925087,0.6246594137074912,L198,M,0.5944562314353468,0.6246594137074912,16
1.0,0.0949891881295066,0.9050108118704934,3.0,0.0257840249421628,0.9742159750578372,L198,Q,0.9050108118704934,0.9742159750578372,3
0.0,0.8716403603459063,0.1283596396540936,,,,Y199,V,0.8716403603459063,,18
0.0,0.9663215758609184,0.0336784241390817,,,,Y199,L,0.9663215758609184,,17
1.0,0.1870636659769604,0.8129363340230396,2.0,0.6202173199368504,0.3797826800631496,Y199,R,0.8129363340230396,0.6202173199368504,10
1.0,0.483485701812961,0.516514298187039,2.0,0.906231502905986,0.093768497094014,Y199,G,0.516514298187039,0.906231502905986,20
1.0,0.0990862241094238,0.9009137758905762,3.0,0.0128282259458381,0.987171774054162,Y199,W,0.9009137758905762,0.987171774054162,12
0.0,0.8637603999246273,0.1362396000753727,,,,Y199,Q,0.8637603999246273,,3
0.0,0.9356438512614526,0.0643561487385474,,,,Y199,H,0.9356438512614526,,2
0.0,0.8557879051651189,0.144212094834881,,,,Y199,M,0.8557879051651189,,16
0.0,0.703445902487491,0.296554097512509,,,,Y199,S,0.703445902487491,,7
1.0,0.1966783490863421,0.8033216509136578,2.0,0.8005965644710371,0.1994034355289629,Y199,E,0.8033216509136578,0.8005965644710371,8
0.0,0.7525836995920744,0.2474163004079256,,,,Y199,A,0.7525836995920744,,19
1.0,0.1115846072986465,0.8884153927013535,3.0,0.0420149843204941,0.957985015679506,Y199,C,0.8884153927013535,0.957985015679506,5
1.0,0.1993730499825112,0.8006269500174887,2.0,0.927061429764342,0.0729385702356581,Y199,K,0.8006269500174887,0.927061429764342,11
1.0,0.0891423877059871,0.9108576122940129,2.0,0.5961286535075492,0.4038713464924509,Y199,D,0.9108576122940129,0.5961286535075492,9
1.0,0.4584615682512103,0.5415384317487897,2.0,0.9753939707662752,0.0246060292337248,Y199,N,0.5415384317487897,0.9753939707662752,4
0.0,0.804104393099167,0.195895606900833,,,,Y199,T,0.804104393099167,,6
1.0,0.4561092621303244,0.5438907378696756,2.0,0.5265679998319899,0.4734320001680102,Y199,P,0.5438907378696756,0.5265679998319899,1
0.0,0.980537498248355,0.0194625017516449,,,,Y199,F,0.980537498248355,,14
0.0,0.8201938726839657,0.1798061273160342,,,,Y199,I,0.8201938726839657,,15
0.0,0.9936935611252902,0.0063064388747098,,,,S200,P,0.9936935611252902,,1
0.0,0.9999430960813962,5.690391860381799e-05,,,,S200,T,0.9999430960813962,,6
0.0,0.9971852971679684,0.0028147028320317,,,,S200,F,0.9971852971679684,,14
0.0,0.9996245219466956,0.0003754780533043,,,,S200,N,0.9996245219466956,,4
0.0,0.9978195608515406,0.0021804391484594,,,,S200,G,0.9978195608515406,,20
0.0,0.9969119594895484,0.0030880405104516,,,,S200,H,0.9969119594895484,,2
0.0,0.999812854423186,0.0001871455768138,,,,S200,M,0.999812854423186,,16
0.0,0.991734209822303,0.0082657901776969,,,,S200,R,0.991734209822303,,10
0.0,0.9967588073423658,0.0032411926576342,,,,S200,Y,0.9967588073423658,,13
0.0,0.9051755832993672,0.0948244167006328,,,,S200,W,0.9051755832993672,,12
0.0,0.9998868822772972,0.0001131177227027,,,,S200,A,0.9998868822772972,,19
0.0,0.9991072673479612,0.0008927326520388,,,,S200,E,0.9991072673479612,,8
0.0,0.9998738036949668,0.000126196305033,,,,S200,L,0.9998738036949668,,17
0.0,0.9990648260129048,0.000935173987095,,,,S200,I,0.9990648260129048,,15
0.0,0.99986500147933,0.00013499852067,,,,S200,V,0.99986500147933,,18
0.0,0.9955278136636918,0.0044721863363081,,,,S200,K,0.9955278136636918,,11
0.0,0.999545003083858,0.000454996916142,,,,S200,Q,0.999545003083858,,3
0.0,0.997301609479595,0.0026983905204049,,,,S200,D,0.997301609479595,,9
0.0,0.9366972204481504,0.0633027795518496,,,,S200,C,0.9366972204481504,,5
0.0,0.5384886866505985,0.4615113133494016,,,,M201,R,0.5384886866505985,,10
0.0,0.9959720066515514,0.0040279933484486,,,,M201,A,0.9959720066515514,,19
0.0,0.9866399153321336,0.0133600846678664,,,,M201,T,0.9866399153321336,,6
0.0,0.9842094528301838,0.0157905471698162,,,,M201,F,0.9842094528301838,,14
0.0,0.9945755695204582,0.0054244304795417,,,,M201,I,0.9945755695204582,,15
0.0,0.975646566407488,0.0243534335925118,,,,M201,W,0.975646566407488,,12
0.0,0.9419354371563348,0.0580645628436651,,,,M201,E,0.9419354371563348,,8
0.0,0.9999713096218864,2.8690378113655032e-05,,,,M201,L,0.9999713096218864,,17
0.0,0.9927253962887264,0.0072746037112736,,,,M201,Y,0.9927253962887264,,13
0.0,0.8972030654650215,0.1027969345349784,,,,M201,K,0.8972030654650215,,11
0.0,0.9955282517731472,0.0044717482268527,,,,M201,V,0.9955282517731472,,18
0.0,0.956940655506007,0.0430593444939929,,,,M201,N,0.956940655506007,,4
0.0,0.9717416325139104,0.0282583674860895,,,,M201,G,0.9717416325139104,,20
0.0,0.9898405612087317,0.0101594387912684,,,,M201,P,0.9898405612087317,,1
0.0,0.993409785002067,0.0065902149979329,,,,M201,C,0.993409785002067,,5
0.0,0.8741097249284198,0.1258902750715802,,,,M201,D,0.8741097249284198,,9
0.0,0.9866036363907156,0.0133963636092844,,,,M201,H,0.9866036363907156,,2
0.0,0.9944950881224408,0.0055049118775591,,,,M201,S,0.9944950881224408,,7
0.0,0.9683207178229236,0.0316792821770762,,,,M201,Q,0.9683207178229236,,3
0.0,0.8427464997066414,0.1572535002933586,,,,L202,T,0.8427464997066414,,6
1.0,0.3259058659779187,0.6740941340220813,3.0,0.2024173637234084,0.7975826362765915,L202,R,0.6740941340220813,0.7975826362765915,10
0.0,0.860481686774423,0.1395183132255769,,,,L202,W,0.860481686774423,,12
0.0,0.634080051439223,0.365919948560777,,,,L202,N,0.634080051439223,,4
1.0,0.1308259638630974,0.8691740361369026,2.0,0.9485153740083024,0.0514846259916974,L202,E,0.8691740361369026,0.9485153740083024,8
0.0,0.7311952611493607,0.2688047388506392,,,,L202,Y,0.7311952611493607,,13
1.0,0.4455657867154691,0.5544342132845309,2.0,0.9126782550335912,0.0873217449664086,L202,H,0.5544342132845309,0.9126782550335912,2
0.0,0.6533476754328177,0.3466523245671823,,,,L202,S,0.6533476754328177,,7
0.0,0.6498850954601553,0.3501149045398447,,,,L202,Q,0.6498850954601553,,3
0.0,0.8787963282267439,0.121203671773256,,,,L202,A,0.8787963282267439,,19
0.0,0.9723854828815232,0.0276145171184767,,,,L202,M,0.9723854828815232,,16
0.0,0.966330264686892,0.033669735313108,,,,L202,V,0.966330264686892,,18
0.0,0.6584063442390087,0.3415936557609913,,,,L202,G,0.6584063442390087,,20
0.0,0.7713450472451964,0.2286549527548036,,,,L202,P,0.7713450472451964,,1
0.0,0.9973341065848677,0.0026658934151323,,,,L202,I,0.9973341065848677,,15
0.0,0.8830877238139397,0.1169122761860603,,,,L202,F,0.8830877238139397,,14
1.0,0.3012099319080321,0.6987900680919679,2.0,0.9990491668824124,0.0009508331175876,L202,K,0.6987900680919679,0.9990491668824124,11
1.0,0.1900690686876479,0.809930931312352,2.0,0.9561644396169928,0.043835560383007,L202,D,0.809930931312352,0.9561644396169928,9
0.0,0.985448498017119,0.014551501982881,,,,L202,C,0.985448498017119,,5
1.0,0.0691562226311631,0.9308437773688368,3.0,0.0007776896466487,0.9992223103533512,L203,F,0.9308437773688368,0.9992223103533512,14
0.0,0.9155119412186274,0.0844880587813725,,,,L203,R,0.9155119412186274,,10
0.0,0.9993245778572464,0.0006754221427536,,,,L203,I,0.9993245778572464,,15
0.0,0.8907280842091121,0.1092719157908878,,,,L203,P,0.8907280842091121,,1
1.0,0.2551614319167261,0.7448385680832739,3.0,0.0249233987657718,0.975076601234228,L203,Y,0.7448385680832739,0.975076601234228,13
0.0,0.9909505576335654,0.0090494423664345,,,,L203,A,0.9909505576335654,,19
0.0,0.9903478507751045,0.0096521492248954,,,,L203,T,0.9903478507751045,,6
0.0,0.9688462547301014,0.0311537452698985,,,,L203,N,0.9688462547301014,,4
0.0,0.8478907730460747,0.1521092269539252,,,,L203,E,0.8478907730460747,,8
1.0,0.1093487058057013,0.8906512941942987,3.0,0.2049142719906331,0.7950857280093668,L203,W,0.8906512941942987,0.7950857280093668,12
0.0,0.9682463305545792,0.0317536694454206,,,,L203,G,0.9682463305545792,,20
0.0,0.68031720273711,0.31968279726289,,,,L203,D,0.68031720273711,,9
0.0,0.9991217291625945,0.0008782708374056,,,,L203,V,0.9991217291625945,,18
1.0,0.4527860433686697,0.5472139566313303,3.0,0.3734369330494539,0.6265630669505461,L203,H,0.5472139566313303,0.6265630669505461,2
0.0,0.9989326112804428,0.0010673887195571,,,,L203,C,0.9989326112804428,,5
0.0,0.9715202276918692,0.0284797723081306,,,,L203,M,0.9715202276918692,,16
0.0,0.9814697436831484,0.0185302563168517,,,,L203,S,0.9814697436831484,,7
0.0,0.9933778078376624,0.0066221921623377,,,,L203,Q,0.9933778078376624,,3
0.0,0.9694721857542516,0.0305278142457485,,,,L203,K,0.9694721857542516,,11
0.0,0.9908833358372208,0.0091166641627791,,,,E204,T,0.9908833358372208,,6
0.0,0.9916237225904178,0.0083762774095822,,,,E204,N,0.9916237225904178,,4
0.0,0.6338998142171012,0.3661001857828988,,,,E204,P,0.6338998142171012,,1
0.0,0.9998010288675094,0.0001989711324905,,,,E204,D,0.9998010288675094,,9
0.0,0.971007364445586,0.0289926355544141,,,,E204,C,0.971007364445586,,5
0.0,0.9693434994606704,0.0306565005393295,,,,E204,W,0.9693434994606704,,12
0.0,0.9997692295827998,0.0002307704172002,,,,E204,R,0.9997692295827998,,10
0.0,0.9935474186758764,0.0064525813241236,,,,E204,A,0.9935474186758764,,19
0.0,0.95997348593104,0.04002651406896,,,,E204,F,0.95997348593104,,14
0.0,0.9809092688726936,0.0190907311273064,,,,E204,Y,0.9809092688726936,,13
0.0,0.9456525299884424,0.0543474700115576,,,,E204,I,0.9456525299884424,,15
0.0,0.9965419421661637,0.0034580578338364,,,,E204,S,0.9965419421661637,,7
0.0,0.977902537258842,0.0220974627411578,,,,E204,G,0.977902537258842,,20
0.0,0.9161069419698546,0.0838930580301453,,,,E204,H,0.9161069419698546,,2
0.0,0.9771231305747284,0.0228768694252714,,,,E204,V,0.9771231305747284,,18
0.0,0.9824797805589536,0.0175202194410464,,,,E204,L,0.9824797805589536,,17
0.0,0.9526698220516484,0.0473301779483514,,,,E204,M,0.9526698220516484,,16
0.0,0.9963684723840428,0.003631527615957,,,,E204,Q,0.9963684723840428,,3
0.0,0.9999526224781672,4.737752183286385e-05,,,,E204,K,0.9999526224781672,,11
0.0,0.9886404901356244,0.0113595098643755,,,,E205,Y,0.9886404901356244,,13
1.0,0.4940706826731614,0.5059293173268385,3.0,0.0214909498370102,0.9785090501629896,E205,P,0.5059293173268385,0.9785090501629896,1
0.0,0.990809012447316,0.0091909875526838,,,,E205,S,0.990809012447316,,7
0.0,0.950827399072143,0.049172600927857,,,,E205,I,0.950827399072143,,15
0.0,0.941082467424442,0.0589175325755579,,,,E205,G,0.941082467424442,,20
0.0,0.9847730887479622,0.0152269112520377,,,,E205,F,0.9847730887479622,,14
0.0,0.999377335398663,0.0006226646013369,,,,E205,K,0.999377335398663,,11
0.0,0.9954823749192708,0.0045176250807292,,,,E205,A,0.9954823749192708,,19
0.0,0.9541361917866978,0.0458638082133021,,,,E205,H,0.9541361917866978,,2
0.0,0.9864481757270748,0.0135518242729252,,,,E205,C,0.9864481757270748,,5
0.0,0.9995019312134612,0.0004980687865388,,,,E205,D,0.9995019312134612,,9
0.0,0.9744467588295176,0.0255532411704824,,,,E205,N,0.9744467588295176,,4
0.0,0.9846397923366732,0.0153602076633266,,,,E205,T,0.9846397923366732,,6
0.0,0.9799599701001194,0.0200400298998806,,,,E205,V,0.9799599701001194,,18
0.0,0.99877515748471,0.00122484251529,,,,E205,R,0.99877515748471,,10
0.0,0.9138756190550796,0.0861243809449205,,,,E205,W,0.9138756190550796,,12
0.0,0.989786013900629,0.0102139860993709,,,,E205,Q,0.989786013900629,,3
0.0,0.9927126795756284,0.0072873204243716,,,,E205,L,0.9927126795756284,,17
0.0,0.963162528686059,0.036837471313941,,,,E205,M,0.963162528686059,,16
0.0,0.9972008661910724,0.0027991338089276,,,,E206,H,0.9972008661910724,,2
0.0,0.9989154196406714,0.0010845803593285,,,,E206,Q,0.9989154196406714,,3
0.0,0.9971309670397428,0.0028690329602571,,,,E206,T,0.9971309670397428,,6
0.0,0.9986733276053316,0.0013266723946683,,,,E206,W,0.9986733276053316,,12
0.0,0.9998287023403152,0.0001712976596848,,,,E206,F,0.9998287023403152,,14
0.0,0.9672437057138872,0.0327562942861127,,,,E206,P,0.9672437057138872,,1
0.0,0.9995431652353408,0.0004568347646593,,,,E206,Y,0.9995431652353408,,13
0.0,0.9996710256362566,0.0003289743637433,,,,E206,K,0.9996710256362566,,11
0.0,0.9996307508535358,0.0003692491464642,,,,E206,R,0.9996307508535358,,10
0.0,0.9947854817261484,0.0052145182738515,,,,E206,N,0.9947854817261484,,4
0.0,0.9920887643245496,0.0079112356754504,,,,E206,I,0.9920887643245496,,15
0.0,0.9998713291895271,0.0001286708104727,,,,E206,L,0.9998713291895271,,17
0.0,0.9994482482180546,0.0005517517819454,,,,E206,D,0.9994482482180546,,9
0.0,0.9974596237532588,0.0025403762467413,,,,E206,V,0.9974596237532588,,18
0.0,0.9985497239032176,0.0014502760967823,,,,E206,A,0.9985497239032176,,19
0.0,0.9995556784778185,0.0004443215221815,,,,E206,M,0.9995556784778185,,16
0.0,0.997241290382542,0.002758709617458,,,,E206,G,0.997241290382542,,20
0.0,0.9982104682857648,0.0017895317142351,,,,E206,S,0.9982104682857648,,7
0.0,0.9982973017865564,0.0017026982134434,,,,E206,C,0.9982973017865564,,5
0.0,0.9989760570761436,0.0010239429238564,,,,K207,G,0.9989760570761436,,20
0.0,0.965395713980746,0.034604286019254,,,,K207,C,0.965395713980746,,5
0.0,0.6595448235077588,0.3404551764922412,,,,K207,M,0.6595448235077588,,16
0.0,0.9957375148653742,0.0042624851346257,,,,K207,S,0.9957375148653742,,7
0.0,0.9734098906504064,0.0265901093495934,,,,K207,Y,0.9734098906504064,,13
0.0,0.9999460509125208,5.39490874792428e-05,,,,K207,E,0.9999460509125208,,8
0.0,0.9663061508220164,0.0336938491779837,,,,K207,F,0.9663061508220164,,14
0.0,0.9979575998105712,0.0020424001894287,,,,K207,A,0.9979575998105712,,19
0.0,0.9904315622035408,0.0095684377964592,,,,K207,T,0.9904315622035408,,6
0.0,0.9992298414179352,0.0007701585820648,,,,K207,D,0.9992298414179352,,9
0.0,0.9779311064065188,0.022068893593481,,,,K207,H,0.9779311064065188,,2
0.0,0.9257030030188448,0.0742969969811552,,,,K207,P,0.9257030030188448,,1
0.0,0.9601926056189772,0.0398073943810227,,,,K207,V,0.9601926056189772,,18
0.0,0.9890726448545138,0.0109273551454861,,,,K207,N,0.9890726448545138,,4
0.0,0.9555441675918136,0.0444558324081864,,,,K207,I,0.9555441675918136,,15
0.0,0.99769653482516,0.0023034651748399,,,,K207,Q,0.99769653482516,,3
1.0,0.435234206788332,0.564765793211668,3.0,0.0049130615639902,0.9950869384360096,K207,W,0.564765793211668,0.9950869384360096,12
0.0,0.9891552538785032,0.0108447461214967,,,,K207,L,0.9891552538785032,,17
0.0,0.9997846258652204,0.0002153741347797,,,,K207,R,0.9997846258652204,,10
0.0,0.9991640421468893,0.0008359578531108,,,,E208,A,0.9991640421468893,,19
0.0,0.999491987411139,0.000508012588861,,,,E208,R,0.999491987411139,,10
0.0,0.9891853375191608,0.0108146624808391,,,,E208,F,0.9891853375191608,,14
0.0,0.9981517524693844,0.0018482475306155,,,,E208,C,0.9981517524693844,,5
0.0,0.9568923237669384,0.0431076762330615,,,,E208,P,0.9568923237669384,,1
0.0,0.9991418178193168,0.000858182180683,,,,E208,S,0.9991418178193168,,7
0.0,0.931226647811506,0.068773352188494,,,,E208,H,0.931226647811506,,2
0.0,0.9825412068633635,0.0174587931366364,,,,E208,I,0.9825412068633635,,15
0.0,0.9977917548663398,0.0022082451336602,,,,E208,G,0.9977917548663398,,20
0.0,0.99803492479443,0.0019650752055698,,,,E208,Q,0.99803492479443,,3
0.0,0.9904815337542838,0.0095184662457161,,,,E208,Y,0.9904815337542838,,13
0.0,0.992184955339269,0.007815044660731,,,,E208,N,0.992184955339269,,4
0.0,0.9935266385897916,0.0064733614102083,,,,E208,V,0.9935266385897916,,18
0.0,0.9999191209769484,8.0879023051687e-05,,,,E208,K,0.9999191209769484,,11
0.0,0.995044419607497,0.0049555803925029,,,,E208,L,0.995044419607497,,17
0.0,0.9948190360433972,0.0051809639566028,,,,E208,T,0.9948190360433972,,6
0.0,0.9999629372907513,3.7062709248877976e-05,,,,E208,D,0.9999629372907513,,9
0.0,0.9915978077657231,0.0084021922342768,,,,E208,W,0.9915978077657231,,12
0.0,0.9846249867689812,0.0153750132310188,,,,E208,M,0.9846249867689812,,16
0.0,0.9912288237393276,0.0087711762606723,,,,K209,D,0.9912288237393276,,9
0.0,0.9640072174440288,0.0359927825559711,,,,K209,T,0.9640072174440288,,6
0.0,0.997895653379504,0.0021043466204958,,,,K209,R,0.997895653379504,,10
0.0,0.9357921562407382,0.0642078437592618,,,,K209,F,0.9357921562407382,,14
1.0,0.4299100586441718,0.5700899413558281,3.0,0.0001599776993392,0.9998400223006608,K209,M,0.5700899413558281,0.9998400223006608,16
0.0,0.9969477363959708,0.0030522636040292,,,,K209,E,0.9969477363959708,,8
0.0,0.6644266279469924,0.3355733720530077,,,,K209,P,0.6644266279469924,,1
0.0,0.5944423010775159,0.4055576989224841,,,,K209,W,0.5944423010775159,,12
0.0,0.8914910837275418,0.1085089162724581,,,,K209,I,0.8914910837275418,,15
0.0,0.9700880789964508,0.0299119210035491,,,,K209,Q,0.9700880789964508,,3
0.0,0.9541093674084788,0.0458906325915211,,,,K209,G,0.9541093674084788,,20
0.0,0.9635249791488196,0.0364750208511802,,,,K209,S,0.9635249791488196,,7
0.0,0.8791440604871025,0.1208559395128975,,,,K209,H,0.8791440604871025,,2
0.0,0.9362446053588572,0.0637553946411427,,,,K209,Y,0.9362446053588572,,13
0.0,0.944439977454802,0.0555600225451981,,,,K209,L,0.944439977454802,,17
0.0,0.884152267557769,0.1158477324422309,,,,K209,V,0.884152267557769,,18
0.0,0.9720691953569788,0.0279308046430212,,,,K209,A,0.9720691953569788,,19
0.0,0.9667811414102072,0.0332188585897926,,,,K209,C,0.9667811414102072,,5
0.0,0.9027547240864204,0.0972452759135794,,,,K209,N,0.9027547240864204,,4
0.0,0.9961453937835452,0.0038546062164547,,,,N210,Q,0.9961453937835452,,3
0.0,0.979261816049102,0.0207381839508979,,,,N210,W,0.979261816049102,,12
0.0,0.9991161057100614,0.0008838942899386,,,,N210,S,0.9991161057100614,,7
0.0,0.9945946279462,0.0054053720537999,,,,N210,F,0.9945946279462,,14
0.0,0.9963141726554026,0.0036858273445974,,,,N210,M,0.9963141726554026,,16
0.0,0.9870316555079304,0.0129683444920697,,,,N210,Y,0.9870316555079304,,13
0.0,0.9938007210567368,0.0061992789432631,,,,N210,A,0.9938007210567368,,19
0.0,0.9935436749471483,0.0064563250528516,,,,N210,I,0.9935436749471483,,15
0.0,0.99803422592024,0.00196577407976,,,,N210,G,0.99803422592024,,20
0.0,0.9894797256915928,0.010520274308407,,,,N210,D,0.9894797256915928,,9
0.0,0.9593664261585269,0.0406335738414731,,,,N210,H,0.9593664261585269,,2
0.0,0.997809074190498,0.0021909258095021,,,,N210,L,0.997809074190498,,17
0.0,0.995288292495367,0.004711707504633,,,,N210,V,0.995288292495367,,18
0.0,0.9810911434883188,0.018908856511681,,,,N210,R,0.9810911434883188,,10
0.0,0.9976124661908936,0.0023875338091063,,,,N210,T,0.9976124661908936,,6
0.0,0.9827275599668576,0.0172724400331424,,,,N210,K,0.9827275599668576,,11
0.0,0.9980928265507842,0.0019071734492157,,,,N210,C,0.9980928265507842,,5
0.0,0.966328969751466,0.0336710302485341,,,,N210,E,0.966328969751466,,8
0.0,0.960663313149758,0.0393366868502419,,,,N210,P,0.960663313149758,,1
0.0,0.9796745166343304,0.0203254833656696,,,,R211,S,0.9796745166343304,,7
0.0,0.9872074955173076,0.0127925044826924,,,,R211,A,0.9872074955173076,,19
1.0,0.1147743130810238,0.8852256869189762,3.0,2.421941806995953e-06,0.999997578058193,R211,W,0.8852256869189762,0.999997578058193,12
0.0,0.990173081162242,0.0098269188377579,,,,R211,G,0.990173081162242,,20
0.0,0.8434346590468922,0.1565653409531078,,,,R211,P,0.8434346590468922,,1
0.0,0.944695382449918,0.0553046175500818,,,,R211,T,0.944695382449918,,6
0.0,0.7390132657454043,0.2609867342545957,,,,R211,M,0.7390132657454043,,16
0.0,0.9971040047567435,0.0028959952432564,,,,R211,E,0.9971040047567435,,8
0.0,0.967378256090649,0.032621743909351,,,,R211,Y,0.967378256090649,,13
0.0,0.9252725025588115,0.0747274974411885,,,,R211,F,0.9252725025588115,,14
0.0,0.977007807245414,0.0229921927545859,,,,R211,L,0.977007807245414,,17
0.0,0.999503326299686,0.000496673700314,,,,R211,K,0.999503326299686,,11
0.0,0.727171492279451,0.272828507720549,,,,R211,H,0.727171492279451,,2
0.0,0.964696094535665,0.035303905464335,,,,R211,N,0.964696094535665,,4
0.0,0.9941432538699352,0.0058567461300646,,,,R211,D,0.9941432538699352,,9
0.0,0.9371810829048036,0.0628189170951963,,,,R211,I,0.9371810829048036,,15
0.0,0.981453990627412,0.018546009372588,,,,R211,C,0.981453990627412,,5
0.0,0.8872857454980313,0.1127142545019686,,,,R211,V,0.8872857454980313,,18
0.0,0.9687056808174128,0.0312943191825872,,,,R211,Q,0.9687056808174128,,3
0.0,0.9912322272514832,0.0087677727485169,,,,Q212,K,0.9912322272514832,,11
0.0,0.9871549576068424,0.0128450423931575,,,,Q212,V,0.9871549576068424,,18
0.0,0.9721191599629622,0.0278808400370378,,,,Q212,P,0.9721191599629622,,1
0.0,0.9741725891789996,0.0258274108210003,,,,Q212,R,0.9741725891789996,,10
0.0,0.9264077746536554,0.0735922253463445,,,,Q212,H,0.9264077746536554,,2
0.0,0.9884675349198184,0.0115324650801816,,,,Q212,I,0.9884675349198184,,15
0.0,0.9935149499415296,0.0064850500584703,,,,Q212,Y,0.9935149499415296,,13
0.0,0.996625051116792,0.0033749488832078,,,,Q212,F,0.996625051116792,,14
0.0,0.9972586241675776,0.0027413758324222,,,,Q212,T,0.9972586241675776,,6
0.0,0.9148123052644588,0.0851876947355413,,,,Q212,D,0.9148123052644588,,9
0.0,0.9898257870670554,0.0101742129329445,,,,Q212,W,0.9898257870670554,,12
0.0,0.9877352790339542,0.0122647209660458,,,,Q212,M,0.9877352790339542,,16
0.0,0.9937138762683804,0.0062861237316196,,,,Q212,E,0.9937138762683804,,8
0.0,0.9984620588519042,0.0015379411480957,,,,Q212,C,0.9984620588519042,,5
0.0,0.9969278191081822,0.0030721808918178,,,,Q212,G,0.9969278191081822,,20
0.0,0.9876434180161706,0.0123565819838293,,,,Q212,L,0.9876434180161706,,17
0.0,0.997833640173454,0.0021663598265461,,,,Q212,S,0.997833640173454,,7
0.0,0.9962951715165508,0.0037048284834492,,,,Q212,A,0.9962951715165508,,19
0.0,0.9917594939542552,0.0082405060457447,,,,Q212,N,0.9917594939542552,,4
0.0,0.975005810205682,0.0249941897943178,,,,V213,H,0.975005810205682,,2
0.0,0.8604190023861786,0.1395809976138213,,,,V213,K,0.8604190023861786,,11
0.0,0.9990204431699184,0.0009795568300816,,,,V213,I,0.9990204431699184,,15
0.0,0.9948946522819438,0.0051053477180562,,,,V213,Y,0.9948946522819438,,13
0.0,0.9985877995520028,0.0014122004479972,,,,V213,L,0.9985877995520028,,17
0.0,0.9916279046249727,0.0083720953750271,,,,V213,F,0.9916279046249727,,14
0.0,0.992401971554046,0.007598028445954,,,,V213,C,0.992401971554046,,5
0.0,0.9827786695562244,0.0172213304437754,,,,V213,N,0.9827786695562244,,4
0.0,0.9953557705317092,0.0046442294682906,,,,V213,W,0.9953557705317092,,12
0.0,0.9671132724183132,0.0328867275816868,,,,V213,S,0.9671132724183132,,7
0.0,0.987241644551652,0.0127583554483479,,,,V213,T,0.987241644551652,,6
0.0,0.9887258556543552,0.0112741443456447,,,,V213,P,0.9887258556543552,,1
0.0,0.8617352165308179,0.138264783469182,,,,V213,E,0.8617352165308179,,8
0.0,0.9888655594721032,0.0111344405278969,,,,V213,A,0.9888655594721032,,19
0.0,0.9756166809631224,0.0243833190368777,,,,V213,Q,0.9756166809631224,,3
0.0,0.8442325486613839,0.1557674513386161,,,,V213,D,0.8442325486613839,,9
0.0,0.9692861366766642,0.0307138633233357,,,,V213,M,0.9692861366766642,,16
0.0,0.7645049359367575,0.2354950640632424,,,,V213,R,0.7645049359367575,,10
0.0,0.9667642023565224,0.0332357976434777,,,,V213,G,0.9667642023565224,,20
0.0,0.9960046510207494,0.0039953489792505,,,,E214,S,0.9960046510207494,,7
0.0,0.9662564023397622,0.0337435976602378,,,,E214,P,0.9662564023397622,,1
0.0,0.979500591608898,0.020499408391102,,,,E214,Y,0.979500591608898,,13
0.0,0.9848769304681768,0.015123069531823,,,,E214,T,0.9848769304681768,,6
0.0,0.9586514535496802,0.0413485464503198,,,,E214,F,0.9586514535496802,,14
0.0,0.9557802129174816,0.0442197870825182,,,,E214,C,0.9557802129174816,,5
0.0,0.7149674189829012,0.2850325810170989,,,,E214,H,0.7149674189829012,,2
0.0,0.98862654269176,0.0113734573082401,,,,E214,V,0.98862654269176,,18
0.0,0.9996537989413504,0.0003462010586495,,,,E214,R,0.9996537989413504,,10
0.0,0.998971282084784,0.001028717915216,,,,E214,Q,0.998971282084784,,3
0.0,0.9444361951460372,0.0555638048539628,,,,E214,G,0.9444361951460372,,20
0.0,0.996421996347399,0.0035780036526009,,,,E214,A,0.996421996347399,,19
0.0,0.939835966970482,0.0601640330295181,,,,E214,I,0.939835966970482,,15
0.0,0.9577005515446818,0.0422994484553181,,,,E214,M,0.9577005515446818,,16
0.0,0.9996335395252084,0.0003664604747916,,,,E214,K,0.9996335395252084,,11
0.0,0.96037238876921,0.03962761123079,,,,E214,N,0.96037238876921,,4
0.0,0.9993375791679894,0.0006624208320106,,,,E214,D,0.9993375791679894,,9
0.0,0.9797255618519882,0.0202744381480117,,,,E214,L,0.9797255618519882,,17
0.0,0.9127617643424004,0.0872382356575996,,,,E214,W,0.9127617643424004,,12
0.0,0.948541648345372,0.0514583516546281,,,,F215,P,0.948541648345372,,1
0.0,0.9280641439216688,0.0719358560783313,,,,F215,T,0.9280641439216688,,6
0.0,0.93346866431306,0.0665313356869398,,,,F215,S,0.93346866431306,,7
0.0,0.5666961807074327,0.4333038192925673,,,,F215,D,0.5666961807074327,,9
0.0,0.9126593324095204,0.0873406675904796,,,,F215,Q,0.9126593324095204,,3
0.0,0.6086457750401739,0.3913542249598261,,,,F215,E,0.6086457750401739,,8
0.0,0.8256433879590485,0.1743566120409515,,,,F215,V,0.8256433879590485,,18
0.0,0.659743625355854,0.340256374644146,,,,F215,C,0.659743625355854,,5
0.0,0.9457110677922344,0.0542889322077654,,,,F215,L,0.9457110677922344,,17
0.0,0.9409924621685284,0.0590075378314714,,,,F215,G,0.9409924621685284,,20
0.0,0.9740267212067676,0.0259732787932325,,,,F215,A,0.9740267212067676,,19
1.0,0.2469081982479837,0.7530918017520163,2.0,0.9999876561883184,1.2343811681701744e-05,F215,K,0.7530918017520163,0.9999876561883184,11
1.0,0.4685470732769864,0.5314529267230136,3.0,0.0092801817185134,0.9907198182814866,F215,Y,0.5314529267230136,0.9907198182814866,13
1.0,0.3995366257534097,0.6004633742465902,2.0,0.9997058424742702,0.0002941575257297,F215,H,0.6004633742465902,0.9997058424742702,2
1.0,0.4571883842011783,0.5428116157988216,2.0,0.9425677497537902,0.0574322502462097,F215,M,0.5428116157988216,0.9425677497537902,16
1.0,0.3044660122234308,0.6955339877765692,2.0,0.9308992566065196,0.0691007433934803,F215,I,0.6955339877765692,0.9308992566065196,15
0.0,0.5816228612123608,0.4183771387876392,,,,F215,N,0.5816228612123608,,4
1.0,0.183211325127549,0.816788674872451,2.0,0.992518744341212,0.0074812556587881,F215,R,0.816788674872451,0.992518744341212,10
0.0,0.5417770888140963,0.4582229111859038,,,,F215,W,0.5417770888140963,,12
